DATE,Open,High,Low,Close,Adj Close,Volume,HM_rate,HM4UP,HM8UP,HM10UP,LM_rate,LM4D,LM8D,LM10D,BAA,CSUSHPINSA,LREMTTTTUSM156S,DGORDER,TWEXBMTH,UNRATENSA,TCU,INDPRO,PPIACO,CPIAUCSL,HOUST,HSN1F,FEDFUNDS,USSLIND,TOTALSA,NEWORDER,UMCSENT,AMBNS,EXJPUS,EXKOUS,EXCHUS,T10Y2YM,XTEXVA01CNM667S,GACDFSA066MSFRBPHI,XTIMVA01KRM667S,KORPROINDMISMEI,KORCPIALLMINMEI,LRUNTTTTKRM156S,IR3TCD01KRM156N,CA,PB,APART,CUNCOST,EXPORTCOST,POLICY,TRAFVOLUME,HOUST1,HSN1F1
2009-05-01,1719.290039,1774.329956,1664.189941,1774.329956,1774.329956,47352030000,0.032013166,0,0,0,-0.032048169,0,0,0,8.06,148.178,59.6,150082,106.3212,9.1,66.9601,87.4155,170.8,213.022,540,376,0.18,-1.34,10.176,48777,68.7,1797.662,96.6445,1254.345,6.8235,2.36,91693975472,-22.4,23986456118,77.09242437,88.405,3.9,2.41,2329.4,3803.7,92.3,87.463,119.53,2,1498549133,3,5
2009-06-01,1796.089966,1879.920044,1753.780029,1835.040039,1835.040039,51881250000,0.046673652,1,0,0,-0.023556691,0,0,0,7.5,149.804,59.4,146586,104.9626,9.7,66.6872,87.0742,174.1,214.79,585,393,0.21,-0.81,10.149,50508,70.8,1701.768,96.6145,1259.2932,6.8334,2.54,93764532100,0.2,25779315038,80.13367781,88.327,3.9,2.41,4064.7,5550.4,92.7,87.463,121.81,2,1509702238,2,6
2009-07-01,1846.119995,2009.810059,1727.050049,1978.5,1978.5,47084360000,0.088667077,1,1,0,-0.064497403,1,0,0,7.09,150.752,59.3,155213,104.5704,9.7,67.4362,88.0323,172.5,214.726,594,411,0.16,-0.26,11.565,51053,66,1695.747,94.367,1259.6739,6.8317,2.54,97559948314,-6.6,27043202018,82.06883907,88.641,3.8,2.41,1987.7,3573.5,93.5,87.777,122.68,2,1506976555,1,2
2009-08-01,1998.349976,2059.47998,1929.640015,2009.060059,2009.060059,44011670000,0.030590239,0,0,0,-0.034383347,0,0,0,6.58,150.67,59.1,158266,103.3205,9.6,68.2344,89.019,175,215.445,586,418,0.16,-0.1,14.754,50126,65.7,1727.451,94.8971,1238.9952,6.8323,2.47,99894473207,8.8,28434692557,82.73689474,88.955,3.8,2.48,1169.6,2346.2,93.9,88.013,122.94,2,1526511905,4,3
2009-09-01,2001.300049,2167.699951,1958.040039,2122.419922,2122.419922,49652910000,0.083145904,1,1,0,-0.021615954,0,0,0,6.31,149.629,58.7,157059,102.5432,9.5,68.8187,89.6926,174.1,215.861,585,386,0.15,0.26,9.536,52991,73.5,1819.668,91.2748,1211.8643,6.8277,2.44,1.07E+11,15.1,30038212147,86.14817901,89.034,3.6,2.64,2197.6,3513.5,95,88.091,120.71,2,1541191224,2,4
2009-10-01,2111.77002,2190.639893,2040.209961,2045.109985,2045.109985,50489640000,0.037347757,0,0,0,-0.033886294,0,0,0,6.29,148.589,58.5,163669,101.0834,9.5,69.1297,89.9797,175.2,216.509,534,396,0.12,0.12,10.576,52061,70.6,1964.315,90.3671,1173.7405,6.8267,2.44,1.10E+11,12.7,30283009959,84.552046,88.798,3.5,2.79,2512.2,3688.5,95.3,87.935,117.04,2,1554701381,3,5
2009-11-01,2047.420044,2205.320068,2024.27002,2144.600098,2144.600098,38877300000,0.07712146,1,0,0,-0.011306925,0,0,0,6.32,147.947,58.6,160032,100.6049,9.4,69.5147,90.3375,177.4,217.234,588,375,0.12,0.41,11.04,52778,67.4,2046.347,89.2674,1162.8368,6.8271,2.6,1.10E+11,15.4,29418956560,85.06808901,88.955,3.7,2.79,3013.8,4575.6,95.3,88.091,117.32,2,1564351189,2,6
2009-12-01,2162.22998,2295.800049,2155.959961,2269.149902,2269.149902,39269070000,0.061774219,1,0,0,-0.002899793,0,0,0,6.37,146.676,58.3,159766,101.0176,9.7,69.8537,90.6132,178.1,217.347,581,352,0.12,0.59,11.284,54427,72.5,2045.522,89.9509,1163.3109,6.8275,2.72,1.17E+11,16.5,31362070881,86.22418535,89.269,3.6,2.82,1698.6,4162.6,95.3,88.327,118.28,2,1566849999,2,7
2010-01-01,2294.409912,2326.280029,2140.340088,2147.350098,2147.350098,45625830000,0.013890333,0,0,0,-0.067150086,1,0,0,6.25,145.003,58.5,182084,101.3292,10.6,70.8069,91.6642,181.9,217.488,614,345,0.11,0.48,10.893,52365,74.4,2018.743,91.1011,1138.1947,6.8269,2.8,1.15E+11,12.9,31980614350,87.35427952,89.974,4.7,2.88,-1776.4,260.3,95.4,88.916,117.23,2,1589487899,,
2010-02-01,2155.810059,2251.679932,2100.169922,2238.26001,2238.26001,42835360000,0.044470464,1,0,0,-0.025809387,0,0,0,6.34,143.056,58.5,177621,102.7845,10.4,71.2129,91.994,181,217.281,604,336,0.13,0.69,10.315,53386,73.6,2141.174,90.1395,1155.6553,6.8285,2.83,1.31E+11,13.9,34003620054,89.00541712,90.156,4.1,2.88,-322.4,1411.1,95.7,89.186,118.67,2,1596976382,,
2010-03-01,2247.399902,2432.25,2247.330078,2397.959961,2397.959961,54955550000,0.082250648,1,1,0,-3.11E-05,0,0,0,6.27,143.596,58.5,179916,101.9633,10.2,71.8411,92.5993,183.3,217.353,636,381,0.16,1,11.772,56130,73.6,2097.924,90.7161,1136.0822,6.8262,2.77,1.16E+11,14.2,33718109515,90.15951329,90.338,3.7,2.83,917.1,3311.2,95.6,89.366,118.16,2,1609271764,,
2010-04-01,2411.679932,2535.280029,2383.77002,2461.189941,2461.189941,54528540000,0.051250622,1,0,0,-0.011572809,0,0,0,6.25,145.398,58.7,186063,101.4563,9.5,72.2743,92.9436,184.4,217.403,687,422,0.2,1.06,11.454,52604,72.2,2037.644,93.4527,1115.4591,6.8256,2.79,1.21E+11,16,34805621553,91.64063672,90.702,3.6,2.51,796.9,4001.5,95.5,89.636,118.47,2,1620071796,,
2010-05-01,2472.320068,2503,2140.530029,2257.040039,2257.040039,57203120000,0.012409369,0,0,0,-0.134201895,1,1,1,6.05,147.031,58.6,186327,104.2648,9.3,73.4956,94.2997,184.8,217.29,583,280,0.2,1.34,12.03,57162,73.6,2032.786,91.973,1164.841,6.8275,2.59,1.34E+11,22.2,35936892623,92.57871489,90.793,3.2,2.45,6650.4,5940.9,95.1,89.726,121.41,2,1632746443,,
2010-06-01,2244.790039,2341.110107,2105.26001,2109.23999,2109.23999,48633730000,0.042908275,1,0,0,-0.062157274,1,0,0,6.23,147.695,58.5,187821,104.8328,9.6,73.7648,94.4397,183.5,217.199,536,305,0.18,1.39,11.598,59728,76,2021.411,90.8059,1214.1114,6.8184,2.48,1.34E+11,14.9,35138172001,92.80373364,90.702,3.5,2.45,3751.1,4784.9,94.8,89.636,124.95,2,1645713710,,
2010-07-01,2110.75,2307.600098,2061.139893,2254.699951,2254.699951,43910370000,0.093260736,1,1,0,-0.023503545,0,0,0,6.01,147.552,58.5,190184,103.2002,9.7,74.2356,94.8536,184.1,217.605,546,283,0.18,1.36,11.947,56453,67.8,2017.643,87.5005,1203.8095,6.7762,2.39,1.36E+11,7.7,35352306962,93.4247854,90.884,3.7,2.58,3549.3,4036.7,94.3,89.906,124.13,2.25,1644278682,,
2010-08-01,2283.320068,2309.429932,2099.290039,2114.030029,2114.030029,41794240000,0.011435043,0,0,0,-0.080597561,1,1,0,5.66,146.413,58.6,191625,102.3998,9.5,74.5955,95.1448,184.9,217.923,599,282,0.19,0.86,12.014,58633,68.9,2013.93,85.3727,1179.5159,6.7873,2.18,1.33E+11,3.6,36075419292,92.94874573,91.34,3.5,2.63,3758.1,4782.6,93.9,90.265,120.79,2.25,1647880784,,
2010-09-01,2142.75,2400.060059,2141.949951,2368.620117,2368.620117,41586870000,0.120084032,1,1,1,-0.000373375,0,0,0,5.66,144.597,58.5,200257,101.3996,9.2,74.8797,95.3637,184.9,218.275,594,317,0.19,0.5,11.922,59839,68.2,1981.158,84.3571,1159.931,6.7396,2.17,1.35E+11,4.5,35283502111,93.59979998,92.068,3.7,2.66,4207.4,5581,93.6,90.895,119.76,2.25,1652907978,,
2010-10-01,2386.820068,2517.5,2332.459961,2507.409912,2507.409912,41539760000,0.054750642,1,0,0,-0.022775117,0,0,0,5.72,143.126,58.3,194567,98.7679,9,74.7737,95.1109,186.6,219.035,543,291,0.19,0.77,12.414,57751,67.7,1987.401,81.7285,1121.94,6.6678,2.16,1.38E+11,0.3,37080037844,93.45078757,92.068,3.6,2.66,4265.4,5583.8,93.4,90.895,116.23,2.25,1674134397,,
2010-11-01,2520.449951,2592.939941,2459.790039,2498.22998,2498.22998,40893560000,0.028760734,0,0,0,-0.024067096,0,0,0,5.92,141.823,58.2,196177,99.0493,9.3,74.8673,95.1383,187.7,219.59,545,287,0.19,1.37,12.3,60426,71.6,1992.808,82.518,1129.623,6.6538,2.31,1.45E+11,19.1,37807460481,94.2528544,91.613,3.3,2.73,3897.5,6503,93.3,90.625,116.88,2.5,1678849949,,
2010-12-01,2535.189941,2675.26001,2535.189941,2652.870117,2652.870117,36306890000,0.055250325,1,0,0,0,0,0,0,6.1,140.636,58.3,194518,99.7051,9.1,75.644,96.0599,189.7,220.472,539,326,0.18,1.5,12.606,61858,74.5,2037.414,83.3376,1145.4833,6.6497,2.67,1.38E+11,15.4,37977044016,95.75197933,91.977,3.7,2.8,-1743.9,1735.3,93.4,90.985,120.32,2.5,1660530025,,
2011-01-01,2676.649902,2766.169922,2663.639893,2700.080078,2700.080078,40221760000,0.0334448,0,0,0,-0.004860557,0,0,0,6.09,139.048,58.3,203534,98.553,9.8,75.5769,95.9364,192.7,221.187,630,307,0.17,1.43,12.806,60696,74.2,2065.997,82.625,1118.8675,6.5964,2.78,1.56E+11,16.5,42571753761,98.63621968,93.07,3.6,2.93,-3159.6,-581.6,93.5,91.885,118.18,2.75,1669218956,,
2011-02-01,2717.610107,2840.51001,2705.540039,2782.27002,2782.27002,39225340000,0.045223523,1,0,0,-0.004441427,0,0,0,6.15,137.744,58.4,195611,97.8022,9.5,75.2522,95.5154,195.8,221.898,517,270,0.16,1.52,13.081,59049,77.5,2233.379,82.5368,1117.4368,6.5761,2.81,1.37E+11,28.9,39872534732,95.579965,93.707,3.7,3.13,1344.9,2581.8,93.8,92.425,120.55,2.75,1673697095,,
2011-03-01,2791.080078,2802.320068,2603.5,2781.070068,2781.070068,45049990000,0.004027111,0,0,0,-0.067206985,1,0,0,6.03,137.792,58.4,210937,96.8669,9.2,75.9846,96.4643,199.2,223.046,600,300,0.14,1.66,13.259,62057,67.5,2418.235,81.647,1119.2674,6.5645,2.71,1.57E+11,36.4,43187660690,98.04017001,94.072,3.8,3.35,-2438.3,180.7,93.9,92.875,124.2,3,1675788625,,
2011-04-01,2796.669922,2876.830078,2706.5,2873.540039,2873.540039,38024600000,0.028662716,0,0,0,-0.032241889,0,0,0,6.02,139.154,58.4,201546,95.2627,8.7,75.6763,96.1187,203.1,224.093,554,310,0.1,1.52,13.327,61957,69.8,2523.424,83.1771,1083.1762,6.5267,2.73,1.59E+11,12.9,44258982211,96.80906742,94.163,3.5,3.4,-2545.2,312.1,93.9,92.965,122.46,3,1689262409,,
2011-05-01,2881.280029,2887.75,2739.850098,2835.300049,2835.300049,42067110000,0.00224552,0,0,0,-0.049085799,1,0,0,5.78,140.682,58.3,205957,95.225,8.7,75.7913,96.3377,204.1,224.806,561,305,0.09,1.28,12.28,63863,74.3,2588.177,81.1257,1084.3619,6.4957,2.61,1.56E+11,6.2,45685792069,97.73814485,94.345,3.3,3.46,-1247.2,-736.3,93.9,93.145,120.32,3,1684435619,,
2011-06-01,2829.389893,2834.050049,2599.860107,2773.52002,2773.52002,42570710000,0.001647053,0,0,0,-0.08112342,1,1,0,5.75,141.934,58.2,201861,95.1999,9.3,75.932,96.6154,203.9,224.806,608,301,0.09,1.21,11.886,63492,71.5,2668.01,80.4259,1080.4523,6.4746,2.59,1.57E+11,-0.5,44677136536,98.19318277,94.527,3.3,3.53,1321.8,2655.1,93.8,93.415,118.95,3.25,1693131719,,
2011-07-01,2775.080078,2878.939941,2724.98999,2756.379883,2756.379883,37282980000,0.037425898,0,0,0,-0.018049961,0,0,0,5.76,142.33,58.2,207547,94.5476,9.3,76.2397,97.1292,204.6,225.395,623,296,0.07,1.3,12.719,64870,63.7,2706.778,79.2425,1057.425,6.4575,2.59,1.67E+11,7.1,45188032906,98.17018085,94.982,3.3,3.59,3938.8,4696.9,93.7,93.865,116.65,3.25,1713183321,,
2011-08-01,2791.449951,2796.23999,2331.649902,2579.459961,2579.459961,56977870000,0.001715968,0,0,0,-0.164717282,1,1,1,5.36,141.773,58.3,215526,95.0866,9.1,76.5547,97.6731,203.2,226.106,585,299,0.1,1.6,12.604,64663,55.8,2679.411,76.9657,1073.887,6.4036,2.07,1.63E+11,-19.4,45404954171,97.9151596,95.62,3.2,3.59,4470.5,4293.3,93.6,94.405,117.51,3.25,1712196428,,
2011-09-01,2583.340088,2643.370117,2414.310059,2415.399902,2415.399902,42996470000,0.02323737,0,0,0,-0.065430808,1,0,0,5.27,140.156,58.4,207678,97.9271,8.8,76.4131,97.6494,203.7,226.597,650,304,0.08,1.35,13.356,65559,59.5,2656.543,76.7957,1121.9095,6.3885,1.77,1.58E+11,-10.7,45639279909,98.70822569,95.529,3.3,3.58,2996.3,2117.9,93.5,94.405,120.96,3.25,1727997253,,
2011-10-01,2401.189941,2753.370117,2298.889893,2684.409912,2684.409912,42787830000,0.14666902,1,1,1,-0.042603897,1,0,0,5.37,138.398,58.4,208606,98.8305,8.5,76.8067,98.3222,201.1,226.75,610,316,0.07,1.53,13.731,67585,60.8,2663.548,76.643,1150.685,6.371,1.87,1.60E+11,6.1,42797102538,99.15926327,95.347,3.2,3.58,3572.4,3224.3,93.3,94.405,122.42,3.25,1742068987,,
2011-11-01,2607.310059,2730.389893,2441.47998,2620.340088,2620.340088,38397210000,0.047205676,1,0,0,-0.063601979,1,0,0,5.14,136.655,58.6,217018,99.4638,8.2,76.6057,98.2433,201.4,227.169,711,328,0.08,1.78,13.742,65081,63.7,2625.315,77.5595,1133.4775,6.3564,1.76,1.65E+11,4,42047294953,97.87715643,95.438,3.2,3.56,6645.7,6753.4,93.2,94.495,119.2,3.25,1750933750,,
2011-12-01,2615.669922,2674.530029,2518.01001,2605.149902,2605.149902,33177490000,0.02250288,0,0,0,-0.037336482,0,0,0,5.25,135.158,58.6,226369,100.4003,8.3,76.8861,98.7876,199.8,227.223,694,341,0.07,1.73,13.798,68520,69.9,2640.078,77.7967,1148.1262,6.3482,1.72,1.59E+11,2.4,44076858649,96.32902742,95.802,3.2,3.55,1738.1,2516.7,93,94.855,119.08,3.25,1751458357,,
2012-01-01,2657.389893,2834.300049,2627.22998,2813.840088,2813.840088,35325900000,0.066572902,1,0,0,-0.01134945,0,0,0,5.23,134.164,58.4,224023,99.7781,8.8,77.2097,99.3925,200.7,227.842,723,335,0.08,1.92,14.395,67740,75,2659.039,76.964,1140.3275,6.3172,1.73,1.52E+11,7.5,43173048282,99.14526211,96.184,3.3,3.55,-2288,-1774.7,92.8,95.206,120.18,3.25,1750088003,,
2012-02-01,2830.100098,3000.110107,2825.189941,2966.889893,2966.889893,37728460000,0.060072083,1,0,0,-0.001734976,0,0,0,5.14,133.999,58.5,226122,98.048,8.7,77.2402,99.6203,201.6,228.329,704,366,0.1,1.88,14.975,69729,75.3,2720.795,78.47,1122.69,6.2997,1.69,1.64E+11,10.3,46397996821,101.4154513,96.549,3.4,3.53,-2584,-927.8,92.5,95.539,119.74,3.25,1757601024,,
2012-03-01,2979.110107,3134.169922,2900.280029,3091.570068,3091.570068,36686310000,0.052049038,1,0,0,-0.026460948,0,0,0,5.23,135.872,58.5,220455,98.6425,8.4,76.7353,99.1551,204.2,228.807,695,354,0.13,1.9,14.594,69443,76.2,2673.317,82.4659,1126.17,6.3125,1.83,1.74E+11,8.8,43650637798,98.91924327,96.576,3.3,3.54,3580,4160.7,92.1,95.647,120.49,3.25,1782765463,,
2012-04-01,3085.939941,3128.25,2946.040039,3046.360107,3046.360107,33793990000,0.013710591,0,0,0,-0.045334616,1,0,0,5.19,138.479,58.4,218051,98.9607,7.7,77.1696,99.9006,203.7,229.187,753,354,0.14,1.77,14.77,67904,76.4,2665.101,81.2524,1135.0238,6.3043,1.76,1.66E+11,5.7,44033930840,99.87632303,96.567,3.3,3.54,-144.8,-328.3,91.6,95.71,121,3.25,1765825919,,
2012-05-01,3044.790039,3085.399902,2774.449951,2827.340088,2827.340088,40115930000,0.013337492,0,0,0,-0.08878776,1,1,0,5.07,141.055,58.5,218474,100.6822,7.9,77.1784,100.0924,201.9,228.713,708,370,0.16,1.69,14.496,69087,79.3,2632.839,79.6668,1156.6914,6.3242,1.51,1.76E+11,-0.8,43912243105,100.9824152,96.74,3.2,3.54,5015.8,3255.3,91.1,95.899,120.01,3.25,1781035185,,
2012-06-01,2810.129883,2942.280029,2726.679932,2935.050049,2935.050049,37458650000,0.047026348,1,0,0,-0.029696119,0,0,0,5.02,143.173,58.6,218603,102.1234,8.4,77.0278,100.0728,199.8,228.524,757,360,0.16,1.46,14.467,66981,73.2,2641.487,79.3152,1163.3886,6.3633,1.33,1.78E+11,-12.5,42785123711,98.8452371,96.603,3.2,3.54,6069.3,5272.5,90.4,95.836,118.32,3.25,1803812380,,
2012-07-01,2938.409912,2987.939941,2837.719971,2939.52002,2939.52002,34686680000,0.016856065,0,0,0,-0.034266812,0,0,0,4.87,144.283,58.5,223677,101.641,8.6,77.0989,100.3354,200.1,228.59,740,369,0.16,1.43,14.38,65108,72.3,2672.63,78.9348,1142.2781,6.3717,1.28,1.68E+11,-12.6,41895180309,98.08417368,96.385,3.1,3.34,8375.5,7601.7,89.8,95.701,116.76,3,1808371016,,
2012-08-01,2956.719971,3100.540039,2890.850098,3066.959961,3066.959961,35708950000,0.048641762,1,0,0,-0.022278022,0,0,0,4.91,144.706,58.4,203112,100.7607,8.2,76.6028,99.856,202.7,229.918,754,375,0.13,1.4,14.444,63671,74.3,2668.787,78.6909,1131.7457,6.3593,1.41,1.68E+11,-2.5,41137097431,96.61305109,96.831,3.1,3.19,1618,1998.2,89,96.088,116.72,3,1809558788,,
2012-09-01,3063.25,3196.929932,3040.23999,3116.22998,3116.22998,33719730000,0.043639903,1,0,0,-0.007511633,0,0,0,4.84,144.361,58.7,216283,99.1842,7.6,76.5147,99.9049,204.4,231.015,847,385,0.14,1.61,15.099,63851,78.3,2616.571,78.1353,1122.9911,6.32,1.46,1.79E+11,0.2,44816599851,97.8311526,97.523,3.2,3.14,6484.3,6143,88.4,96.682,116.9,3,1824002756,,
2012-10-01,3130.310059,3171.459961,2961.159912,2977.22998,2977.22998,36367020000,0.013145631,0,0,0,-0.054036228,1,0,0,4.58,143.974,58.8,217712,98.8677,7.5,76.5534,100.1167,203.5,231.638,915,358,0.16,1.84,14.831,65817,82.6,2634.377,79.0132,1105.3823,6.2627,1.47,1.73E+11,-1.3,41597640272,99.70130844,97.341,3.1,2.93,7287.6,7361.8,87.8,96.565,114.44,2.75,1823554670,,
2012-11-01,2987.540039,3033.850098,2810.800049,3010.23999,3010.23999,36894240000,0.015501067,0,0,0,-0.059159036,1,0,0,4.51,143.969,58.7,218940,99.5355,7.4,76.8008,100.5991,201.8,231.249,833,392,0.16,1.4,15.456,66737,82.7,2667.679,81.0305,1086.9525,6.2338,1.38,1.68E+11,-10.5,42400682810,100.8904075,96.995,3.1,2.85,8187.5,8551.3,87.4,96.349,111.3,2.75,1831794401,,
2012-12-01,3029.209961,3061.820068,2951.040039,3019.51001,3019.51001,33522490000,0.010765218,0,0,0,-0.025805383,0,0,0,4.63,143.875,58.7,229511,98.9607,7.6,76.9541,100.9542,201.5,231.221,976,399,0.16,1.59,15.462,66397,72.9,2694.343,83.7905,1075.2225,6.2328,1.46,1.81E+11,2.5,42649633097,100.5913826,97.168,3.1,2.88,7189.4,7275.6,86.8,96.529,110.47,2.75,1835641598,,
2013-01-01,3091.330078,3164.060059,3076.600098,3142.129883,3142.129883,39027620000,0.023527084,0,0,0,-0.004764933,0,0,0,4.73,144.314,58.6,218392,98.8749,8.5,76.7396,100.8204,202.5,231.679,888,446,0.14,1.67,15.813,69666,73.8,2760.986,89.0581,1066.5205,6.2215,1.64,1.83E+11,-1.4,43965171193,101.831486,97.751,3.2,2.86,2752.4,3766.1,86.3,97.024,110.4,2.75,1844600654,,
2013-02-01,3162.939941,3213.600098,3105.360107,3160.189941,3160.189941,35765430000,0.016016794,0,0,0,-0.01820453,0,0,0,4.85,145.158,58.6,229342,99.6805,8.1,77.0716,101.3995,204.3,232.937,962,447,0.15,2,15.861,66186,77.6,2861.542,93.0016,1087.3084,6.2323,1.71,2.02E+11,-5.5,44321112245,100.2153513,98.078,3.2,2.83,2212.5,3077.7,86,97.321,113.09,2.75,1853812979,,
2013-03-01,3143.540039,3270.300049,3129.399902,3267.52002,3267.52002,33749180000,0.040323969,1,0,0,-0.004498157,0,0,0,4.85,147.959,58.5,210493,100.5408,7.6,77.2816,101.8114,204,232.282,1010,444,0.14,1.78,15.724,65911,78.6,2961.377,94.77,1102.871,6.2154,1.7,1.96E+11,2,43554913625,98.62021835,97.987,3.1,2.81,6740.2,6898.9,85.8,97.303,113.39,2.75,1868046474,,
2013-04-01,3268.629883,3328.790039,3154.959961,3328.790039,3328.790039,36904330000,0.018405313,0,0,0,-0.034776015,0,0,0,4.59,150.974,58.6,221382,100.1874,7.1,77.0537,101.6364,203.5,231.797,835,441,0.15,1.7,15.808,67245,76.4,3035.849,97.7582,1120.8977,6.1861,1.53,1.88E+11,0.4,42784525986,99.59429952,97.851,3,2.8,5039.9,5314.8,86,97.249,114.06,2.75,1860900766,,
2013-05-01,3325.350098,3532.040039,3296.5,3455.909912,3455.909912,39144080000,0.062155844,1,0,0,-0.008675808,0,0,0,4.73,153.871,58.6,230679,100.6193,7.3,77.0493,101.7476,204.1,231.893,930,428,0.11,1.66,15.884,69054,84.5,3136.493,100.9186,1111.4945,6.1416,1.68,1.78E+11,0.3,41859504740,99.40328361,97.851,3.1,2.72,9608.2,9172.1,86.2,97.285,113.07,2.5,1874392145,,
2013-06-01,3460.76001,3488.310059,3294.949951,3403.25,3403.25,37528250000,0.007960693,0,0,0,-0.047911458,1,0,0,5.19,156.443,58.6,240657,101.4302,7.8,77.124,101.9549,204.3,232.445,839,470,0.09,1.55,16.148,68803,84.1,3218.136,97.235,1135.0085,6.1342,1.97,1.77E+11,12.6,42407368941,99.04625385,97.732,3.1,2.69,6824.8,5502.5,86,97.231,115.95,2.5,1892905609,,
2013-07-01,3430.47998,3649.350098,3415.22998,3626.370117,3626.370117,35889520000,0.063801602,1,0,0,-0.004445442,0,0,0,5.32,158.306,58.7,214999,101.9848,7.7,76.7206,101.5204,204.4,232.9,880,375,0.09,1.53,16.021,65978,85.1,3314.256,99.6727,1125.03,6.1343,2.24,1.75E+11,15.9,42360474051,98.37819818,97.942,3.2,2.68,6964.6,7232.6,85.5,97.411,114.92,2.5,1877031896,,
2013-08-01,3654.179932,3694.189941,3573.570068,3589.870117,3589.870117,32934650000,0.010949108,0,0,0,-0.022059632,0,0,0,5.42,159.414,58.7,222323,101.8657,7.3,77.1577,102.1907,204.2,233.456,917,381,0.08,1.67,15.827,65882,82.1,3418.306,97.8123,1115.9418,6.1213,2.38,1.82E+11,8.4,42534856378,99.97133094,98.288,3.1,2.66,6389.3,7012.2,85.1,97.735,114.17,2.5,1897581683,,
2013-09-01,3622.639893,3798.76001,3593.620117,3771.47998,3771.47998,34997740000,0.048616512,1,0,0,-0.008010671,0,0,0,5.47,159.69,58.7,230374,101.6531,7,77.4882,102.717,203.9,233.544,850,403,0.08,1.75,15.857,66200,77.5,3508.905,99.21,1082.3115,6.1198,2.41,1.76E+11,20.6,42295847594,98.36919743,98.479,3,2.66,7847.7,8338.5,85.2,97.924,111.38,2.5,1900172314,,
2013-10-01,3774.179932,3966.709961,3650.030029,3919.709961,3919.709961,43017190000,0.051012414,1,0,0,-0.032894537,0,0,0,5.31,159.567,58.3,225155,100.6329,7,77.2874,102.5371,202.5,233.669,925,444,0.09,1.4,15.729,64322,73.2,3610.435,97.77,1065.8573,6.1032,2.28,1.81E+11,13.3,43721277911,101.2864405,98.179,3.1,2.66,10724,9536,85.6,97.726,109.31,2.5,1911112641,,
2013-11-01,3932.449951,4069.699951,3855.070068,4059.889893,4059.889893,35818470000,0.034901906,0,0,0,-0.019677271,0,0,0,5.38,159.37,58.6,238012,101.5247,6.6,77.4494,102.8379,201.2,234.1,1100,446,0.08,1.58,16.078,68263,75.1,3705.159,100.0737,1061.5637,6.0929,2.42,1.90E+11,4.6,43053383848,100.5413784,98.16,3,2.65,5891.6,7817.1,85.7,97.753,108.47,2.5,1928640536,,
2013-12-01,4065.659912,4177.72998,3979.590088,4176.589844,4176.589844,37139280000,0.027565038,0,0,0,-0.021169952,0,0,0,5.38,159.291,58.7,230535,101.7099,6.5,77.6192,103.1504,202,234.719,1002,433,0.09,1.52,15.835,66857,82.5,3736.862,103.46,1055.6348,6.0738,2.56,1.84E+11,3.9,42959960709,101.7334778,98.279,3.2,2.65,6263.7,6590.5,85.7,97.879,108.12,2.5,1920795017,,
2014-01-01,4160.029785,4246.549805,4044.76001,4103.879883,4103.879883,45227610000,0.020797933,0,0,0,-0.027708882,0,0,0,5.19,159.39,58.8,223000,102.6524,7,77.2295,102.7216,203.8,235.288,888,443,0.07,1.85,15.623,67962,81.2,3749.541,103.7614,1067.1267,6.0509,2.47,2.00E+11,15.4,43432237881,102.4475373,98.807,3.3,2.65,1837.7,3674.4,86,98.338,108.28,2.5,1946307188,,
2014-02-01,4105.060059,4342.589844,3968.189941,4308.120117,4308.120117,39978180000,0.057862682,1,0,0,-0.033341806,0,0,0,5.1,159.9,58.7,230424,102.9102,7,77.8131,103.5917,205.7,235.547,944,420,0.07,1.44,15.942,67110,81.6,3851.917,102.1253,1071.3063,6.0816,2.38,1.70E+11,1.8,46086890238,100.7563964,99.071,3.6,2.65,4812.5,5930.7,86.3,98.59,109,2.5,1959558014,,
2014-03-01,4261.419922,4371.709961,4131.810059,4198.990234,4198.990234,46796180000,0.025881054,0,0,0,-0.030414713,0,0,0,5.06,161.218,58.9,232316,102.8238,6.8,78.487,104.5889,207,236.028,970,405,0.08,1.52,17.029,68192,80,3909.651,102.3395,1070.491,6.1729,2.32,1.89E+11,12.6,45127218761,101.7454788,99.253,3.4,2.65,6182.8,7450.3,86.6,98.779,108.53,2.5,1961050423,,
2014-04-01,4219.870117,4286.089844,3946.030029,4114.560059,4114.560059,44391220000,0.015692361,0,0,0,-0.064893013,1,0,0,4.9,162.995,58.9,235841,102.4311,5.9,78.4423,104.6371,208.3,236.468,1043,403,0.09,1.84,16.684,66236,84.1,3952.139,102.4582,1042.635,6.2246,2.29,1.91E+11,16.9,44974270660,102.300525,99.317,3.6,2.65,6875.5,9833.7,86.6,98.887,105.63,2.5,1962033671,,
2014-05-01,4121.25,4252.080078,4021.050049,4242.620117,4242.620117,39290130000,0.031745242,0,0,0,-0.024313,0,0,0,4.76,164.707,58.9,231767,102.107,6.1,78.6377,105.0152,208,236.918,1007,451,0.09,1.91,17.128,65504,81.9,3929.115,101.7738,1024.7867,6.238,2.17,1.92E+11,18.4,43015791430,98.98624885,99.481,3.6,2.65,9148.3,8560.9,86.6,99.049,103.94,2.5,1993855001,,
2014-06-01,4247.959961,4417.459961,4207.609863,4408.180176,4408.180176,40249370000,0.039901506,0,0,0,-0.0094987,0,0,0,4.8,166.232,59,235877,102.2573,6.3,78.8358,105.4081,208.3,237.231,911,418,0.1,2.01,17.505,69424,82.5,3965.744,102.0629,1018.7443,6.2306,2.15,1.87E+11,14.2,43278427156,101.2624385,99.353,3.5,2.65,7768.8,6088.3,86.5,98.977,103.83,2.5,2000101969,,
2014-07-01,4424.709961,4485.930176,4351.040039,4369.77002,4369.77002,39536410000,0.013835984,0,0,0,-0.016649661,0,0,0,4.73,167.152,59,290623,102.015,6.5,78.8874,105.6157,208,237.498,1085,402,0.09,1.94,17.201,67521,81.8,4013.81,101.74,1021.0341,6.1984,2.03,2.00E+11,21.5,44778771040,102.4455371,99.499,3.4,2.65,6198.8,5421.5,86.5,99.121,104.17,2.5,2016552118,,
2014-08-01,4363.390137,4580.27002,4321.890137,4580.27002,4580.27002,33417300000,0.049704445,1,0,0,-0.009510953,0,0,0,4.69,167.467,59,237140,102.9297,6.3,78.6908,105.4986,207,237.46,984,456,0.09,1.74,17.191,68353,82.5,4095.659,102.9438,1024.55,6.1541,1.95,2.00E+11,23.2,44724802277,98.67222269,99.672,3.4,2.517,6793.9,6749.3,86.6,99.283,104.35,2.25,2037820891,,
2014-09-01,4592.419922,4610.569824,4464.439941,4493.390137,4493.390137,39631130000,0.003952143,0,0,0,-0.027867657,0,0,0,4.8,167.261,59.1,235558,104.4791,5.7,78.818,105.8138,206.4,237.477,1023,470,0.09,1.95,16.996,69215,84.6,4072.006,107.4257,1035.8914,6.1382,1.96,1.98E+11,21.8,44533461868,98.8812401,99.608,3.4,2.35,7418.7,8012.6,86.9,99.265,104.07,2.25,2036546547,,
2014-10-01,4486.649902,4641.509766,4116.600098,4630.740234,4630.740234,50136190000,0.0345157,0,0,0,-0.082477976,1,1,0,4.69,166.932,59.3,231044,105.8242,5.5,78.7287,105.8357,203.4,237.43,1074,476,0.09,2.06,16.798,65372,86.9,4018.823,108.0264,1060.3359,6.1251,1.85,2.00E+11,17.9,42265181875,98.49320777,99.308,3.6,2.21,8604.5,7730.6,87.3,99.049,104.83,2,2068135989,,
2014-11-01,4633.709961,4810.859863,4594.919922,4791.629883,4791.629883,32967990000,0.038230684,0,0,0,-0.00837127,0,0,0,4.79,166.684,59.2,227599,107.615,5.5,79.2428,106.6634,200.9,236.983,1001,442,0.09,1.77,17.012,64362,88.8,3851.254,116.2994,1097.8728,6.1249,1.8,2.00E+11,35.6,42195056233,98.83223602,99.108,3.5,2.14,10582.7,9364.2,87.4,98.95,106.06,2,2093183987,,
2014-12-01,4777.72998,4814.950195,4547.310059,4736.049805,4736.049805,39587090000,0.007790355,0,0,0,-0.048227908,1,0,0,4.74,166.494,59.3,224958,110.2102,5.4,79.0322,106.5085,197,236.252,1073,497,0.12,2.04,17.19,65561,93.6,3953.015,119.3233,1102.6224,6.1886,1.57,1.95E+11,21.7,41602386871,101.5364614,99.098,3.7,2.13,6805.4,7328.5,87.4,98.986,103.36,2,2077234034,,
2015-01-01,4760.240234,4777.009766,4563.109863,4635.240234,4635.240234,38719030000,0.003522833,0,0,0,-0.041411853,1,0,0,4.45,166.293,59.3,228061,112.5817,6.1,78.551,105.9806,192,234.718,1092,518,0.11,1.68,16.961,65854,98.1,4037.175,118.25,1088.13,6.2181,1.33,1.96E+11,13.4,38975161950,97.90815901,99.77,3.6,2.13,7076,6718.7,87.5,99.64,98.91,2,2096198307,,
2015-02-01,4650.600098,4989.25,4580.459961,4963.529785,4963.529785,35773090000,0.072818538,1,0,0,-0.015081954,0,0,0,4.51,166.682,59.2,219271,114.0313,5.8,78.0783,105.4425,191.1,235.236,888,544,0.11,1.69,16.81,64254,95.4,3849.09,118.76,1101.4605,6.2518,1.36,2.55E+11,9.9,37262070866,100.1083424,99.71,3.6,2.12,6136.4,6870.5,87.8,99.61,100.22,2,2120316489,,
2015-03-01,4973.430176,5042.140137,4825.930176,4900.879883,4900.879883,41204240000,0.013815407,0,0,0,-0.029657599,0,0,0,4.54,168.136,59.2,228045,116.1148,5.6,77.7947,105.1464,191.5,236.005,962,480,0.11,1.72,17.862,64321,93,4064.785,120.3945,1112.9005,6.2386,1.4,1.63E+11,7.4,37301352263,98.50820902,99.72,3.5,1.95,9761.5,10495.9,88.3,99.65,101.16,1.75,2127954386,,
2015-04-01,4894.359863,5119.830078,4844.390137,4941.419922,4941.419922,37409760000,0.046067355,1,0,0,-0.010209655,0,0,0,4.48,170.006,59.3,226242,114.9416,5.1,77.2778,104.5272,190.9,236.156,1191,501,0.12,1.77,17.614,63970,95.9,4075.81,119.5095,1084.6709,6.201,1.4,1.80E+11,9.7,37124891064,99.70830903,99.75,3.6,1.81,7221.6,11734.5,88.9,99.71,99.3,1.75,2146427358,,
2015-05-01,4966.319824,5111.540039,4888.169922,5070.029785,5070.029785,35994540000,0.029241011,0,0,0,-0.015735979,0,0,0,4.89,171.882,59.4,217850,114.059,5.3,76.8939,104.0742,193.4,236.974,1081,500,0.12,1.94,18.018,62649,90.7,3955.722,120.798,1092.6365,6.2035,1.59,1.90E+11,6,37197677053,97.60813401,100.03,3.8,1.8,7958.8,8584.8,89.5,99.98,100.35,1.75,2175557437,,
2015-06-01,5094.939941,5164.359863,4956.22998,4986.870117,4986.870117,41338820000,0.013625268,0,0,0,-0.027225043,0,0,0,5.13,173.483,59.3,229480,114.938,5.5,76.5911,103.7174,194.8,237.684,1199,480,0.13,1.75,17.843,63225,96.1,3946.095,123.7186,1112.8832,6.2052,1.67,1.88E+11,8.2,36480387776,99.70830903,100.05,3.8,1.7,11546.2,12773.4,90.1,100.03,101.51,1.5,2191606139,,
2015-07-01,5029.049805,5231.939941,4901.509766,5128.279785,5128.279785,40633420000,0.040343632,1,0,0,-0.025360663,0,0,0,5.2,174.53,59.3,228826,116.9247,5.6,77.0087,104.3243,193.9,238.053,1138,499,0.13,1.9,18.227,63979,93.1,3994.394,123.3109,1146.5468,6.2085,1.65,1.84E+11,4.6,37732999869,98.90824235,100.23,3.7,1.65,9367.2,10181.4,90.6,100.2,102.06,1.5,2196934650,,
2015-08-01,5134.339844,5175.259766,4292.140137,4812.709961,4812.709961,45767180000,0.007969851,0,0,0,-0.164032716,1,1,1,5.19,174.978,59.4,225666,119.1081,5.2,76.8645,104.1621,191.9,238.028,1132,521,0.14,1.83,18.37,63465,91.9,4001.923,123.0038,1178.1438,6.3383,1.47,1.89E+11,6.5,36341833741,101.508459,100.37,3.5,1.64,8119.4,8652.3,91.1,100.35,102.69,1.5,2218472523,,
2015-09-01,4673.609863,4960.870117,4487.060059,4620.160156,4620.160156,41503920000,0.06146432,1,0,0,-0.039915571,0,0,0,5.34,175.094,59.2,220050,120.014,4.9,76.5609,103.7768,189.1,237.506,1215,458,0.14,1.81,18.29,63285,87.2,4049.583,120.1476,1184.33,6.3676,1.46,1.91E+11,-3.7,34815297628,103.4086174,100.11,3.5,1.6,10600.3,12026.3,91.7,100.18,101.88,1.5,2220730139,,
2015-10-01,4624.459961,5095.689941,4552.339844,5053.75,5053.75,42348240000,0.101899462,1,1,1,-0.01559536,0,0,0,5.34,175.107,59.3,226171,118.9676,4.8,76.2641,103.3976,187.5,237.781,1062,481,0.12,1.63,18.274,63011,90,4076.198,120.0481,1143.199,6.3505,1.43,1.89E+11,-5.2,36008564287,101.7084757,100.11,3.5,1.58,9561,10843.3,92.3,100.21,97.99,1.5,2239898716,,
2015-11-01,5065.640137,5163.470215,4908.660156,5108.669922,5108.669922,36834860000,0.019312481,0,0,0,-0.03098917,0,0,0,5.46,175.209,59.4,224077,120.7741,4.8,75.7226,102.6866,185.7,238.016,1169,505,0.12,1.58,18.391,62254,91.3,4029.394,122.6432,1153.4721,6.364,1.38,1.82E+11,-3.8,33988994718,100.7083924,99.92,3.6,1.59,9727.7,10448.6,92.9,100.08,96.93,1.5,2239271919,,
2015-12-01,5129.640137,5176.77002,4871.589844,5007.410156,5007.410156,40617940000,0.009187756,0,0,0,-0.05030573,1,0,0,5.46,175.185,59.6,221066,121.9999,4.8,75.2731,102.1014,183.5,237.817,1157,545,0.24,1.66,17.485,59922,92.6,3869.438,121.635,1169.9464,6.4491,1.26,1.90E+11,-9.2,33592575714,100.308359,100.22,3.5,1.67,8042.5,10945.3,93.3,100.37,97,1.5,2247375043,,
2016-01-01,4897.649902,4926.72998,4313.390137,4613.950195,4613.950195,44877130000,0.005937558,0,0,0,-0.119293902,1,1,1,5.45,175.096,59.7,226398,124.6274,5.3,75.8803,102.9525,182.6,237.833,1114,514,0.34,1.4,18.116,61849,92,3796.011,118.2258,1203.3179,6.5726,1.19,1.77E+11,-3.5,31763054925,98.80823402,100.39,3.6,1.67,7317.4,8255,93.3,100.53,97.38,1.5,2271577071,,
2016-02-01,4587.589844,4636.930176,4209.759766,4557.950195,4557.950195,43108650000,0.010755175,0,0,0,-0.082359167,1,1,0,5.34,175.331,59.8,217882,123.6308,5.2,75.3187,102.2225,181.3,237.469,1208,518,0.38,1.69,17.922,60788,91.7,3891.058,114.6155,1216.2285,6.5501,1.05,1.89E+11,-7.9,30024167401,100.608384,100.82,3.8,1.64,7927.5,8143.3,93.3,100.9,98.15,1.5,2285706407,,
2016-03-01,4596.009766,4899.140137,4581.75,4869.850098,4869.850098,40738880000,0.065955119,1,0,0,-0.00310264,0,0,0,5.13,176.646,59.8,216926,121.1184,5.1,74.697,101.4155,182.1,238.038,1115,526,0.36,1.59,17.337,60517,91,3910.592,112.9317,1181.573,6.5027,1.01,1.77E+11,9.5,31620413068,101.0084174,100.56,3.7,1.63,11122.8,13316.3,93.3,100.73,96.96,1.5,2296468382,,
2016-04-01,4842.549805,4969.319824,4740.839844,4775.359863,4775.359863,38014300000,0.026178361,0,0,0,-0.02100339,0,0,0,4.79,178.537,59.7,225797,119.1667,4.7,74.7409,101.5167,183.2,238.827,1160,564,0.37,1.59,17.691,60503,89,3899.466,109.5519,1145.7967,6.4754,1.04,1.78E+11,-1.6,32470308639,99.80831736,100.75,3.6,1.61,4184.3,9893.3,93.4,100.9,94.11,1.5,2295348038,,
2016-05-01,4786.549805,4951.450195,4678.379883,4948.049805,4948.049805,38803240000,0.034450783,0,0,0,-0.022598725,0,0,0,4.68,180.392,59.7,220851,120.4312,4.5,74.6427,101.4298,185.3,239.464,1131,556,0.37,1.44,17.713,59218,94.7,3855.24,108.8481,1173.7905,6.5259,0.99,1.78E+11,-5.1,33353294511,102.8085674,100.81,3.7,1.58,10491,10237.7,93.6,100.98,96.37,1.5,2317399522,,
2016-06-01,4928.970215,4980.140137,4574.25,4842.669922,4842.669922,44213900000,0.010381463,0,0,0,-0.071966395,1,0,0,4.53,181.981,59.6,208990,120.8707,5.1,74.9324,101.8747,187.6,240.167,1191,563,0.38,1.47,17.727,59724,93.5,3841.284,105.3509,1165.2023,6.5892,0.91,1.75E+11,4.2,33780277245,102.9085757,100.79,3.6,1.43,12409.7,12413.1,93.9,100.99,96.52,1.25,2337560940,,
2016-07-01,4837.180176,5175.810059,4786.009766,5162.129883,5162.129883,36050040000,0.070005638,1,0,0,-0.010578562,0,0,0,4.22,183.102,59.7,216738,121.6998,5.1,75.0813,102.1325,187.7,240.15,1232,631,0.39,1.53,18.033,60456,90,3793.399,104.191,1140.865,6.6771,0.83,1.78E+11,1.6,34045746923,102.3085257,100.6,3.6,1.36,8831.8,10486.8,94.3,100.87,94.47,1.25,2363007374,,
2016-08-01,5167.419922,5275.740234,5109.799805,5213.220215,5213.220215,38754780000,0.020962166,0,0,0,-0.011150655,0,0,0,4.24,183.753,59.8,220654,120.5713,5,74.9718,102.0407,186.6,240.602,1159,586,0.4,1.56,17.787,61821,89.8,3841.592,101.2383,1110.0183,6.6466,0.82,1.78E+11,6.5,35117636352,101.3084424,100.86,3.7,1.35,5410.1,6791,94.6,101.11,92.73,1.25,2380861994,,
2016-09-01,5218.279785,5342.879883,5097.799805,5312,5312,40054600000,0.023877619,0,0,0,-0.023088064,0,0,0,4.31,184.052,59.8,219736,121.5131,4.8,74.9346,102.0477,186.9,241.051,1063,569,0.4,1.35,18.032,60102,91.2,3750.02,101.7843,1108.3638,6.6702,0.86,1.72E+11,12.4,34262250874,102.2085174,101.46,3.9,1.34,7517.5,9894.6,95,101.61,93.46,1.25,2380204896,,
2016-10-01,5300.290039,5340.52002,5169.759766,5189.140137,5189.140137,34644850000,0.007590147,0,0,0,-0.024627006,0,0,0,4.38,184.134,59.7,231303,122.6436,4.7,75.0413,102.2485,186.7,241.691,1325,580,0.4,1.25,17.98,60055,87.2,3587.953,103.9075,1128.166,6.7303,0.92,1.78E+11,10.2,35086922427,101.0084174,101.6,3.8,1.35,7476.8,8874.9,95.7,101.74,96.61,1.25,2393177976,,
2016-11-01,5199.77002,5403.859863,5034.410156,5323.680176,5323.680176,41870720000,0.039249783,0,0,0,-0.03180138,0,0,0,4.71,184.355,59.8,219574,125.5546,4.4,74.8585,102.0507,186.3,242.029,1150,571,0.41,1.69,17.819,60578,93.8,3651.992,108.443,1162.708,6.8402,1.16,1.77E+11,9.6,36360376254,105.1087591,101.45,3.6,1.42,7873.3,9453.1,96.2,101.65,100.28,1.25,2404426392,,
2016-12-01,5323.879883,5512.370117,5238.209961,5444.5,5444.5,40597960000,0.035404674,0,0,0,-0.016091633,0,0,0,4.83,184.532,59.8,224108,127.5298,4.5,75.4682,102.9281,188.2,242.772,1287,560,0.54,1.65,18.243,60470,98.2,3558.89,115.9981,1183.07,6.9198,1.29,1.81E+11,21.8,37082014261,104.6087174,101.56,3.5,1.54,7361.5,8702.6,96.3,101.78,103.38,1.25,2407459074,,
2017-01-01,5425.620117,5669.609863,5397.990234,5614.790039,5614.790039,36027970000,0.044969928,1,0,0,-0.005092484,0,0,0,4.66,184.782,59.9,223049,127.3608,5.1,75.5192,103.0366,190.7,243.78,1221,591,0.65,1.76,17.678,62355,98.5,3609.684,114.8721,1179.1074,6.8907,1.22,1.81E+11,26,37342397822,106.7088924,102.64,3.6,1.5,3401.7,6687.5,96.3,102.68,104.63,1.25,2401547870,,
2017-02-01,5654.509766,5867.890137,5616.399902,5825.439941,5825.439941,36709560000,0.037736317,0,0,0,-0.006739729,0,0,0,4.64,185.147,59.9,222023,125.5663,4.9,75.2098,102.6479,191.6,243.961,1292,603,0.66,1.52,17.651,62687,96.3,3764.189,112.9116,1140.4874,6.8694,1.22,1.82E+11,37.8,39683794039,103.7086424,102.92,3.9,1.49,7438.6,9432.3,96.4,102.93,103.15,1.25,2427078122,,
2017-03-01,5874.859863,5928.060059,5769.390137,5911.740234,5911.740234,43937720000,0.009055569,0,0,0,-0.017952722,0,0,0,4.68,186.654,60.1,228253,125.0383,4.6,75.699,103.343,191.5,243.749,1179,627,0.79,1.69,17.13,63108,96.9,3871.646,112.9165,1133.8617,6.894,1.17,1.97E+11,32.2,40378169492,106.2088507,102.85,3.6,1.48,5140.3,8579.6,96.6,102.91,101.79,1.25,2438307010,,
2017-04-01,5917.319824,6074.040039,5805.149902,6047.609863,6047.609863,33793200000,0.026485,0,0,0,-0.018956204,0,0,0,4.57,188.667,60.2,228086,124.1198,4.1,76.3643,104.2721,193,244.051,1152,586,0.9,1.6,17.229,63572,97,3840.333,110.091,1134.1755,6.8876,1.06,1.87E+11,22.5,38902759897,104.2086841,102.72,3.9,1.43,3184,10925.8,96.8,102.84,102.48,1.25,2446383473,,
2017-05-01,6067.560059,6221.990234,5996.810059,6198.52002,6198.52002,42285390000,0.025451775,0,0,0,-0.011660371,0,0,0,4.55,190.675,60,227201,123.6334,4.1,76.4548,104.4129,192.8,243.962,1124,604,0.91,1.43,17.2,63719,97.1,3793.773,112.2436,1125.1359,6.8843,1,1.85E+11,34,38823945197,104.8087341,102.83,3.6,1.39,4262.1,7675.6,97.3,102.97,101.26,1.25,2449939420,,
2017-06-01,6215.910156,6341.700195,6087.810059,6140.419922,6140.419922,48689910000,0.020236785,0,0,0,-0.020608422,0,0,0,4.37,192.418,60.1,243829,122.018,4.5,76.5694,104.5849,193.6,244.182,1232,624,1.04,1.5,17.195,63456,95,3792.151,110.9141,1130.8464,6.8066,0.85,1.89E+11,27.6,40419326441,103.5086257,102.61,3.8,1.38,7008.9,8702.4,98.2,102.81,101.01,1.25,2463832725,,
2017-07-01,6173.290039,6460.839844,6081.959961,6348.120117,6348.120117,36063120000,0.046579669,1,0,0,-0.014794393,0,0,0,4.39,193.681,60.1,224989,120.3483,4.6,76.5277,104.5427,193.5,244.39,1196,559,1.15,1.42,17.094,64123,93.4,3807.811,112.417,1131.746,6.7694,0.95,1.88E+11,22.3,39391997445,104.7087257,102.78,3.5,1.39,7467.4,9920.7,98.7,102.96,102.15,1.25,2469631034,,
2017-08-01,6372.160156,6435.27002,6177.189941,6428.660156,6428.660156,41236800000,0.009903998,0,0,0,-0.030597193,0,0,0,4.31,194.529,60.1,229906,119.0332,4.5,76.1529,104.0475,193.8,245.297,1167,565,1.16,1.39,16.867,64555,96.8,3927.491,109.827,1130.27,6.667,0.87,1.88E+11,22.8,40570007995,104.8087341,103.37,3.7,1.39,6139.4,8647.3,99.3,103.43,102.73,1.25,2483578663,,
2017-09-01,6442.169922,6497.97998,6334.589844,6495.959961,6495.959961,38177120000,0.008663239,0,0,0,-0.016699354,0,0,0,4.3,195.001,60.4,242818,117.9039,4.1,76.1375,104.0502,194.8,246.418,1163,642,1.15,1.18,18.514,68024,95.1,3885.901,110.776,1131.599,6.569,0.82,1.87E+11,24.2,42966405642,105.8088174,103.49,3.6,1.38,12337.7,14522.7,99.3,103.54,103.91,1.25,2510203656,,
2017-10-01,6506.080078,6737.75,6484.140137,6727.669922,6727.669922,41421370000,0.035608219,0,0,0,-0.003372221,0,0,0,4.32,195.264,60.2,235856,120.0242,3.9,77.2684,105.6287,194.9,246.587,1261,631,1.15,1.6,18.301,67140,100.7,3849.992,112.9148,1130.8838,6.6254,0.81,1.87E+11,26.6,37070854143,106.2088507,103.39,3.6,1.38,6890,9417.9,99.6,103.47,104.45,1.25,2502994751,,
2017-11-01,6758.640137,6914.189941,6667.310059,6873.970215,6873.970215,41870380000,0.023014956,0,0,0,-0.013513085,0,0,0,4.27,195.627,60.1,238976,120.2491,3.9,77.6484,106.193,195.9,247.332,1299,715,1.16,1.43,17.952,65101,98.5,3928.867,112.819,1099.7945,6.62,0.65,1.99E+11,23.9,41012025568,105.6088007,102.62,3.7,1.45,7474.3,11165.6,100,102.87,102.82,1.5,2522962910,,
2017-12-01,6844.040039,7003.890137,6734.129883,6903.390137,6903.390137,38573170000,0.023356102,0,0,0,-0.016059251,0,0,0,4.22,196.036,60.2,245755,119.9313,3.9,77.8571,106.536,196.3,247.901,1219,656,1.3,1.53,17.802,66707,95.9,3877.107,112.9405,1082.902,6.5932,0.56,2.05E+11,27.8,43068923692,103.9086591,102.99,3.7,1.66,4486.5,7915.5,100.8,103.16,101.27,1.5,2530353622,,
2018-01-01,6937.649902,7505.77002,6924.080078,7411.47998,7411.47998,44405890000,0.081889419,1,1,0,-0.001955968,0,0,0,4.26,196.324,60.2,236368,117.1935,4.5,77.6079,106.2655,197.9,248.884,1335,628,1.41,1.56,17.541,66237,95.7,3841.419,110.871,1065.641,6.4233,0.55,1.96E+11,24.8,44445812768,104.9087424,103.42,3.6,1.66,2644.6,7549.7,102.2,103.52,101.04,1.5,2554843679,,
2018-02-01,7377.169922,7441.089844,6630.669922,7273.009766,7273.009766,43791970000,0.008664559,0,0,0,-0.101190566,1,1,1,4.51,197.125,60.4,248330,117.5502,4.4,77.8178,106.6419,199.3,249.369,1295,644,1.42,1.6,17.393,67522,99.7,3873.433,107.97,1078.4747,6.3183,0.68,2.63E+11,28.1,45735023087,105.4087841,104.21,3.6,1.65,3904.7,5571,103.6,104.18,102.27,1.5,2569313283,,
2018-03-01,7274.75,7637.27002,6901.069824,7063.450195,7063.450195,48355130000,0.049832643,1,0,0,-0.051366738,1,0,0,4.64,198.798,60.4,251696,118.0646,4.1,78.1856,107.2519,199.3,249.498,1332,654,1.51,1.62,17.708,66828,101.4,3817.473,106.0468,1069.9418,6.3174,0.56,1.92E+11,23.8,43522118965,104.2086841,104.1,4,1.65,5103.9,9411.2,104.4,104.1,100.82,1.5,2584208418,,
2018-04-01,7016.169922,7319.580078,6805.959961,7066.27002,7066.27002,42932190000,0.043244414,1,0,0,-0.029960785,0,0,0,4.67,200.847,60.3,248509,118.1483,3.7,78.8045,108.2223,200.3,249.956,1267,629,1.69,1.6,17.648,67882,98.8,3743.678,107.6562,1068.0452,6.2967,0.49,2.04E+11,23.4,43813688548,106.8089007,104.29,3.8,1.65,1355.7,9620.4,104.8,104.26,101,1.5,2584177092,,
2018-05-01,7053.649902,7492.419922,6991.140137,7442.120117,7442.120117,45405220000,0.062204678,1,0,0,-0.008862045,0,0,0,4.83,202.704,60.4,250389,121.4302,3.6,78.0794,107.3639,203.2,250.646,1332,650,1.7,1.58,17.655,68034,98,3692.236,109.6882,1076.6595,6.3701,0.47,2.05E+11,32.3,43937795120,106.9089091,104.34,4,1.65,8434.5,10785.4,105,104.32,102.75,1.5,2609834777,,
2018-06-01,7487.660156,7806.600098,7419.560059,7510.299805,7510.299805,48305960000,0.042595408,1,0,0,-0.009094977,0,0,0,4.83,204.314,60.4,250063,123.4234,4.2,78.5531,108.1707,204.2,251.134,1180,618,1.82,1.52,17.71,68784,98.2,3671.801,110.0638,1094.3552,6.4651,0.38,2.10E+11,20.8,45846449012,107.1089257,104.13,3.7,1.65,7457.9,9541.1,105.2,104.13,103.55,1.5,2632341084,,
2018-07-01,7451.899902,7933.310059,7443.100098,7671.790039,7671.790039,38678490000,0.064602338,1,0,0,-0.001180881,0,0,0,4.79,205.233,60.5,247899,124.0589,4.1,78.7794,108.652,204.3,251.597,1184,609,1.91,1.34,17.21,69973,97.9,3635.381,111.521,1122.2029,6.7164,0.28,2.06E+11,24.3,44838503174,108.0090008,103.93,3.8,1.65,8552.3,10788.5,105.6,103.99,106.14,1.5,2634789920,,
2018-08-01,7701.819824,8133.299805,7659.52002,8109.540039,8109.540039,45900880000,0.056023121,1,0,0,-0.005492183,0,0,0,4.77,205.605,60.3,258372,125.334,3.9,79.281,109.5246,203.4,251.879,1279,604,1.91,1.52,17.197,69477,96.2,3602.172,110.9965,1120.427,6.8453,0.25,2.05E+11,13,44384388320,108.7090591,104.85,4.1,1.65,8550.2,10922.3,106.5,104.72,106.09,1.5,2642505077,,
2018-09-01,8087.950195,8104.069824,7873.930176,8046.350098,8046.350098,44545790000,0.001993043,0,0,0,-0.02646159,0,0,0,4.88,205.644,60.4,262205,126.0398,3.6,79.2538,109.6749,203.6,252.01,1236,607,1.95,1.38,17.966,69184,100.1,3572.001,112.0974,1119.82,6.8551,0.23,2.16E+11,21.4,43221745618,106.6088841,105.65,4,1.65,11013,13007.3,108.4,105.37,106.3,1.5,2661729349,,
2018-10-01,8091.5,8107.379883,6922.830078,7305.899902,7305.899902,61400960000,0.001962539,0,0,0,-0.144431802,1,1,1,5.07,205.628,60.6,250552,126.8761,3.5,79.2889,109.9165,204.6,252.794,1211,557,2.19,1.47,18.102,69904,98.6,3540.181,112.7218,1131.615,6.9191,0.29,2.12E+11,19.7,46440664089,108.3090258,105.46,3.9,1.68,9348.8,10654.5,109.1,105.21,106.82,1.5,2682252608,,
2018-11-01,7327.819824,7572.930176,6830.759766,7330.540039,7330.540039,48560650000,0.033449287,0,0,0,-0.067831916,1,0,0,5.22,205.38,60.6,251931,128.2981,3.5,79.5725,110.5067,202.3,252.76,1202,615,2.2,1.12,17.94,69052,97.5,3495.555,113.338,1125.345,6.9367,0.26,2.08E+11,11.9,45687071257,105.6088007,104.71,3.8,1.71,5223.6,7485.8,109.1,104.62,103.48,1.75,2687142972,,
2018-12-01,7486.129883,7486.509766,6190.169922,6635.279785,6635.279785,48808340000,5.07E-05,0,0,0,-0.173114811,1,1,1,5.13,204.971,60.6,254801,128.5202,3.7,79.4625,110.5516,201,252.723,1142,564,2.27,1.14,18.003,67964,98.3,3420.014,112.1994,1122.4244,6.8837,0.15,1.99E+11,9.1,43557755773,104.8087341,104.35,3.8,1.91,4819.3,6529.4,108.9,104.33,100.61,1.75,2700362359,,
2019-01-01,6506.910156,7303.120117,6457.129883,7281.740234,7281.740234,49199040000,0.122363755,1,1,1,-0.00765037,0,0,0,5.12,204.487,60.7,256134,126.7306,4.4,78.9899,110.0907,199.1,252.673,1291,644,2.4,1.11,17.221,68935,91.2,3357.108,108.9605,1120.33,6.7863,0.17,2.13E+11,17,43700971733,105.0087507,104.24,4.4,1.87,2824.9,5662.2,108.5,104.23,99.23,1.75,2712849584,,
2019-02-01,7256.370117,7602.689941,7225.140137,7532.529785,7532.529785,42304540000,0.047726317,1,0,0,-0.004303802,0,0,0,4.95,204.748,60.7,249569,126.8096,4.1,78.4067,109.4709,199.2,253.113,1149,669,2.4,1.18,16.887,69166,93.8,3368.187,110.44,1121.8333,6.7367,0.18,2.08E+11,-4.1,40004002884,101.1084257,104.69,3.7,1.87,3601.9,5479.4,108.1,104.59,99.65,1.75,2739656061,,
2019-03-01,7587.450195,7850.109863,7332.919922,7729.319824,7729.319824,49145540000,0.034617646,0,0,0,-0.03354622,0,0,0,4.84,206.056,60.6,253834,127.2096,3.9,78.3613,109.5985,201.1,254.148,1199,705,2.41,1.26,17.864,69396,98.4,3396.071,111.1443,1131.6005,6.7119,0.16,2.21E+11,13.7,41533432549,103.2086007,104.49,3.8,1.9,4819.6,8467.3,107.7,104.42,99.84,1.75,2763165160,,
2019-04-01,7800.240234,8176.080078,7777.089844,8095.390137,8095.390137,43162800000,0.048183111,1,0,0,-0.002967907,0,0,0,4.7,207.97,60.6,246609,127.3554,3.3,77.9181,109.1657,202.1,254.958,1281,679,2.42,1.36,16.918,68629,97.2,3303.084,111.6414,1142.165,6.7161,0.19,1.94E+11,8.5,43976872618,104.9087424,104.87,4.1,1.86,-664.8,5668,107.3,104.73,100.51,,,,
2019-05-01,8132.930176,8164.709961,7448.22998,7453.149902,7453.149902,47405100000,0.003907544,0,0,0,-0.084188623,1,1,0,4.63,,,243498,128.7336,3.4,78.0708,109.5645,201.5,255.155,1269,626,2.39,1.28,17.934,68992,100,3262.642,109.9714,1182.9527,6.8519,0.19,,16.6,,,105.05,,1.84,4949.4,5392.2,107.1,104.86,103.07,,,,
2019-06-01,7441.209961,8088.879883,7292.220215,8006.240234,8006.240234,44505410000,0.087038254,1,1,0,-0.020022247,0,0,0,4.46,,,,128.2525,3.8,,,200.3,255.305,1199,705,2.38,,17.835,,,3290.142,108.0685,1173.7845,6.8977,0.26,,0.3,,,,,,,,107,104.72,100.95,,,,
2019-07-01,8145.850098,8150.450195,8059.290039,8091.160156,8091.160156,2208900000,0.000564717,0,0,0,-0.010626277,0,0,0,4.46,,,,,,,,,,1281,679,,,,,,,108.1975,1166.5525,6.8734,,,,,,,,,,,,,,,,,
