,Unnamed: 0,basic_date,stockname,stock_code,open_value,high_value,low_value,close_value,volume_value,cv_diff_value,cv_diff_rate,cv_maN_value,cv_maN_rate,ud_Nd,cv5d_diff_rate,1nn_value,3nn_value,5nn_value,7nn_value,9nn_value
0,0,20170116,GS글로벌,1250,3555,3635,3520,3575,1261893,,,,,,,,,,,
1,1,20170117,GS글로벌,1250,3585,3610,3530,3600,695598,25.0,0.006993006993006993,,,0.0,,0.0,0.0,0.0,-1.0,1.0
2,2,20170118,GS글로벌,1250,3595,3610,3475,3570,954509,-30.0,-0.008333333333333333,,,0.0,-0.032167832167832165,0.0,0.0,-1.0,0.0,-1.0
3,3,20170119,GS글로벌,1250,3585,3590,3460,3460,1161534,-110.0,-0.030812324929971987,,,0.0,0.029166666666666667,0.0,0.0,0.0,0.0,0.0
4,4,20170120,GS글로벌,1250,3465,3810,3360,3705,3692296,245.0,0.0708092485549133,3582.0,,0.0,0.012605042016806723,0.0,0.0,0.0,0.0,0.0
5,5,20170123,GS글로벌,1250,3735,3760,3610,3615,1169071,-90.0,-0.024291497975708502,3590.0,0.0022333891680625354,0.0,0.008670520231213872,0.0,0.0,0.0,0.0,0.0
6,6,20170124,GS글로벌,1250,3590,3600,3435,3490,1306220,-125.0,-0.034578146611341634,3568.0,-0.006128133704735376,-1.0,-0.10526315789473684,0.0,-1.0,-1.0,-1.0,-1.0
7,7,20170125,GS글로벌,1250,3480,3520,3280,3315,2012575,-175.0,-0.050143266475644696,3517.0,-0.014293721973094168,-1.0,-0.06224066390041494,0.0,-1.0,-1.0,-1.0,0.0
8,8,20170126,GS글로벌,1250,3320,3485,3320,3390,1004712,75.0,0.022624434389140267,3503.0,-0.003980665339778221,0.0,-0.004297994269340974,0.0,0.0,0.0,0.0,0.0
9,9,20170131,GS글로벌,1250,3370,3480,3320,3475,759993,85.0,0.025073746312684362,3457.0,-0.013131601484441906,1.0,0.03469079939668175,0.0,0.0,0.0,1.0,0.0
10,10,20170201,GS글로벌,1250,3435,3470,3370,3430,804454,-45.0,-0.012949640287769784,3420.0,-0.010702921608330923,0.0,-0.057522123893805316,0.0,-1.0,-1.0,-1.0,-1.0
11,11,20170202,GS글로벌,1250,3395,3400,3140,3195,2033122,-235.0,-0.06851311953352769,3361.0,-0.017251461988304094,-1.0,-0.08201438848920864,0.0,-1.0,-1.0,-1.0,-1.0
12,12,20170203,GS글로벌,1250,3175,3310,3175,3190,1077089,-5.0,-0.001564945226917058,3336.0,-0.007438262421898246,-1.0,-0.058309037900874626,0.0,-1.0,-1.0,-1.0,0.0
13,13,20170206,GS글로벌,1250,3190,3275,3165,3230,514595,40.0,0.012539184952978056,3304.0,-0.009592326139088728,0.0,0.006259780907668232,0.0,0.0,0.0,0.0,0.0
14,14,20170207,GS글로벌,1250,3210,3280,3185,3215,318248,-15.0,-0.004643962848297214,3252.0,-0.015738498789346248,0.0,0.02978056426332288,0.0,0.0,0.0,0.0,0.0
15,15,20170208,GS글로벌,1250,3230,3305,3175,3285,626672,70.0,0.02177293934681182,3223.0,-0.00891758917589176,0.0,0.02321981424148607,0.0,0.0,0.0,0.0,0.0
16,16,20170209,GS글로벌,1250,3350,3360,3270,3305,665079,20.0,0.0060882800608828,3245.0,0.006825938566552901,1.0,0.02177293934681182,0.0,0.0,1.0,0.0,0.0
17,17,20170210,GS글로벌,1250,3320,3320,3280,3285,358398,-20.0,-0.0060514372163388815,3264.0,0.0058551617873651785,0.0,-0.0015220700152207,0.0,0.0,0.0,0.0,-1.0
18,18,20170213,GS글로벌,1250,3270,3320,3230,3280,370926,-5.0,-0.0015220700152207,3274.0,0.0030637254901960784,-1.0,0.04689863842662632,0.0,0.0,0.0,0.0,0.0
19,19,20170214,GS글로벌,1250,3285,3460,3275,3460,1069771,180.0,0.054878048780487805,3323.0,0.01496640195479536,0.0,0.0410958904109589,0.0,0.0,1.0,0.0,0.0
20,20,20170215,GS글로벌,1250,3480,3515,3405,3420,810373,-40.0,-0.011560693641618495,3350.0,0.008125188083057478,0.0,0.038109756097560975,0.0,0.0,0.0,0.0,0.0
21,21,20170216,GS글로벌,1250,3450,3475,3390,3405,498864,-15.0,-0.0043859649122807015,3370.0,0.005970149253731343,0.0,-0.03757225433526012,0.0,-1.0,-1.0,-1.0,0.0
22,22,20170217,GS글로벌,1250,3405,3405,3320,3330,644241,-75.0,-0.022026431718061675,3379.0,0.002670623145400593,-1.0,-0.08625730994152046,0.0,-1.0,-1.0,0.0,-1.0
23,23,20170220,GS글로벌,1250,3320,3320,3115,3125,2307465,-205.0,-0.06156156156156156,3348.0,-0.009174311926605505,-1.0,-0.07488986784140969,0.0,-1.0,-1.0,-1.0,-1.0
24,24,20170221,GS글로벌,1250,3130,3170,3070,3150,1190645,25.0,0.008,3286.0,-0.018518518518518517,0.0,-0.04354354354354354,0.0,0.0,-1.0,0.0,0.0
25,25,20170222,GS글로벌,1250,3170,3195,3120,3185,500765,35.0,0.011111111111111113,3239.0,-0.014303104077906269,1.0,-0.0064,0.0,0.0,0.0,0.0,0.0
26,26,20170223,GS글로벌,1250,3185,3200,3105,3105,573912,-80.0,-0.02511773940345369,3179.0,-0.018524235875270145,0.0,-0.015873015873015872,0.0,0.0,0.0,0.0,-1.0
27,27,20170224,GS글로벌,1250,3090,3150,3075,3100,356199,-5.0,-0.0016103059581320449,3133.0,-0.01446995910663731,-1.0,-0.04709576138147567,0.0,0.0,-1.0,-1.0,0.0
28,28,20170227,GS글로벌,1250,3105,3135,3025,3035,589627,-65.0,-0.020967741935483872,3115.0,-0.0057452920523459955,-1.0,-0.02254428341384863,0.0,0.0,0.0,-1.0,0.0
29,29,20170228,GS글로벌,1250,3035,3100,3030,3035,337889,0.0,0.0,3092.0,-0.007383627608346709,0.0,0.0016129032258064516,0.0,0.0,-1.0,0.0,0.0
30,30,20170302,GS글로벌,1250,3065,3135,3055,3105,368733,70.0,0.023064250411861616,3076.0,-0.00517464424320828,0.0,0.0049423393739703465,0.0,0.0,0.0,0.0,0.0
31,31,20170303,GS글로벌,1250,3080,3110,3015,3050,395274,-55.0,-0.0177133655394525,3065.0,-0.003576072821846554,0.0,-0.008237232289950576,0.0,0.0,-1.0,-1.0,0.0
32,32,20170306,GS글로벌,1250,3030,3040,2970,3010,575522,-40.0,-0.013114754098360656,3047.0,-0.005872756933115824,0.0,0.0016103059581320449,0.0,0.0,0.0,0.0,0.0
33,33,20170307,GS글로벌,1250,3010,3115,3010,3110,454444,100.0,0.03322259136212625,3062.0,0.0049228749589760425,0.0,0.011475409836065572,0.0,0.0,0.0,0.0,1.0
34,34,20170308,GS글로벌,1250,3110,3125,3070,3085,170030,-25.0,-0.008038585209003215,3072.0,0.003265839320705421,0.0,0.028239202657807314,0.0,0.0,0.0,0.0,0.0
35,35,20170309,GS글로벌,1250,3065,3160,3065,3095,302553,10.0,0.0032414910858995136,3070.0,-0.0006510416666666666,0.0,0.008038585209003215,0.0,0.0,0.0,0.0,0.0
36,36,20170310,GS글로벌,1250,3085,3180,3025,3135,529747,40.0,0.012924071082390954,3087.0,0.005537459283387622,0.0,0.01620745542949757,0.0,1.0,0.0,0.0,1.0
37,37,20170313,GS글로벌,1250,3115,3180,3110,3135,281072,0.0,0.0,3112.0,0.008098477486232589,0.0,0.006462035541195477,0.0,0.0,0.0,0.0,0.0
38,38,20170314,GS글로벌,1250,3135,3150,3105,3115,260232,-20.0,-0.006379585326953748,3113.0,0.00032133676092544985,0.0,0.009569377990430622,0.0,0.0,0.0,0.0,0.0
39,39,20170315,GS글로벌,1250,3115,3220,3110,3165,549523,50.0,0.016051364365971106,3129.0,0.00513973658849984,0.0,0.011164274322169059,0.0,0.0,1.0,0.0,0.0
40,40,20170316,GS글로벌,1250,3175,3205,3140,3170,291009,5.0,0.001579778830963665,3144.0,0.004793863854266539,0.0,0.009630818619582664,0.0,0.0,0.0,0.0,-1.0
41,41,20170317,GS글로벌,1250,3165,3195,3145,3145,221582,-25.0,-0.007886435331230283,3146.0,0.0006361323155216285,0.0,-0.030015797788309637,0.0,0.0,0.0,0.0,-1.0
42,42,20170320,GS글로벌,1250,3140,3140,3060,3070,369935,-75.0,-0.02384737678855326,3133.0,-0.004132231404958678,0.0,-0.017350157728706624,0.0,0.0,0.0,-1.0,0.0
43,43,20170321,GS글로벌,1250,3070,3145,3050,3115,291591,45.0,0.01465798045602606,3133.0,0.0,0.0,-0.015898251192368842,0.0,0.0,0.0,0.0,1.0
44,44,20170322,GS글로벌,1250,3095,3140,3080,3095,185639,-20.0,-0.006420545746388443,3119.0,-0.004468560485157995,0.0,0.0,0.0,0.0,0.0,0.0,0.0
45,45,20170323,GS글로벌,1250,3090,3150,3060,3070,375138,-25.0,-0.008077544426494346,3099.0,-0.006412311638345622,-1.0,-0.008025682182985553,0.0,-1.0,0.0,0.0,0.0
46,46,20170324,GS글로벌,1250,3070,3105,3065,3090,180073,20.0,0.0065146579804560255,3088.0,-0.0035495321071313327,0.0,-0.0210016155088853,0.0,0.0,0.0,0.0,0.0
47,47,20170327,GS글로벌,1250,3055,3110,3025,3030,387634,-60.0,-0.019417475728155338,3080.0,-0.0025906735751295338,0.0,-0.0065146579804560255,0.0,0.0,-1.0,-1.0,0.0
48,48,20170328,GS글로벌,1250,3010,3070,3010,3050,277280,20.0,0.006600660066006601,3067.0,-0.004220779220779221,0.0,-0.014563106796116504,0.0,0.0,0.0,0.0,0.0
49,49,20170329,GS글로벌,1250,3080,3110,3030,3045,271481,-5.0,-0.001639344262295082,3057.0,-0.003260515161395501,0.0,-0.0099009900990099,0.0,0.0,0.0,-1.0,0.0
50,50,20170330,GS글로벌,1250,3040,3065,2995,3000,465015,-45.0,-0.014778325123152709,3043.0,-0.004579653254824992,0.0,0.031147540983606562,0.0,0.0,0.0,0.0,0.0
51,51,20170331,GS글로벌,1250,2995,3145,2995,3145,847880,145.0,0.04833333333333333,3054.0,0.0036148537627341435,0.0,0.026272577996715927,0.0,0.0,0.0,1.0,0.0
52,52,20170403,GS글로벌,1250,3170,3170,3100,3125,335450,-20.0,-0.006359300476947536,3073.0,0.006221349050425672,0.0,0.03666666666666667,0.0,0.0,0.0,0.0,0.0
53,53,20170404,GS글로벌,1250,3100,3135,3080,3110,398447,-15.0,-0.0048,3085.0,0.0039049788480312398,-1.0,-0.022257551669316374,0.0,-1.0,-1.0,0.0,-1.0
54,54,20170405,GS글로벌,1250,3120,3125,3065,3075,380606,-35.0,-0.011254019292604502,3091.0,0.0019448946515397078,-1.0,-0.0304,0.0,0.0,0.0,-1.0,-1.0
55,55,20170406,GS글로벌,1250,3100,3100,3020,3030,368170,-45.0,-0.014634146341463415,3097.0,0.001941119378841799,-1.0,-0.02090032154340836,0.0,0.0,0.0,-1.0,-1.0
56,56,20170407,GS글로벌,1250,3045,3065,3020,3045,183599,15.0,0.0049504950495049506,3077.0,-0.006457862447529867,0.0,-0.04715447154471545,0.0,0.0,0.0,-1.0,0.0
57,57,20170410,GS글로벌,1250,3040,3050,2900,2930,905957,-115.0,-0.03776683087027915,3038.0,-0.012674683132921676,0.0,-0.03300330033003299,0.0,-1.0,0.0,-1.0,-1.0
58,58,20170411,GS글로벌,1250,2930,2970,2880,2930,470573,0.0,0.0,3002.0,-0.011849901250822909,0.0,-0.029556650246305417,0.0,0.0,0.0,-1.0,0.0
59,59,20170412,GS글로벌,1250,2930,2965,2930,2955,212644,25.0,0.008532423208191127,2978.0,-0.007994670219853431,0.0,0.013651877133105802,0.0,0.0,0.0,0.0,0.0
60,60,20170413,GS글로벌,1250,2950,3000,2940,2970,213849,15.0,0.005076142131979695,2966.0,-0.0040295500335795825,1.0,-0.006825938566552901,0.0,0.0,0.0,0.0,0.0
61,61,20170414,GS글로벌,1250,2970,2975,2900,2910,298443,-60.0,-0.020202020202020204,2939.0,-0.009103169251517195,0.0,-0.011844331641285956,0.0,0.0,0.0,-1.0,0.0
62,62,20170417,GS글로벌,1250,2905,2935,2905,2920,180534,10.0,0.003436426116838488,2937.0,-0.0006805035726437564,0.0,-0.016835016835016838,0.0,0.0,0.0,0.0,0.0
63,63,20170418,GS글로벌,1250,2925,2940,2895,2920,259970,0.0,0.0,2935.0,-0.0006809669731018045,0.0,0.024054982817869417,0.0,1.0,1.0,1.0,0.0
64,64,20170419,GS글로벌,1250,2920,2995,2910,2980,343212,60.0,0.02054794520547945,2940.0,0.0017035775127768314,0.0,0.015410958904109588,0.0,0.0,0.0,0.0,0.0
65,65,20170420,GS글로벌,1250,2980,2990,2950,2965,173423,-15.0,-0.0050335570469798654,2939.0,-0.0003401360544217687,0.0,0.017123287671232876,0.0,0.0,0.0,1.0,0.0
66,66,20170421,GS글로벌,1250,2970,3010,2955,2970,294692,5.0,0.0016863406408094436,2951.0,0.004083021435862538,0.0,-0.015100671140939596,0.0,0.0,0.0,0.0,0.0
67,67,20170424,GS글로벌,1250,2960,2995,2935,2935,228494,-35.0,-0.011784511784511785,2954.0,0.0010166045408336157,0.0,0.047217537942664416,0.0,0.0,0.0,0.0,0.0
68,68,20170425,GS글로벌,1250,3115,3450,3105,3105,10020432,170.0,0.057921635434412276,2991.0,0.012525389302640487,0.0,0.08585858585858586,0.0,1.0,1.0,1.0,1.0
69,69,20170426,GS글로벌,1250,3110,3260,3060,3225,2277818,120.0,0.03864734299516908,3040.0,0.016382480775660315,1.0,0.0971039182282794,0.0,1.0,0.0,1.0,1.0
70,70,20170427,GS글로벌,1250,3210,3260,3170,3220,979827,-5.0,-0.0015503875968992248,3091.0,0.016776315789473684,0.0,0.05314009661835749,0.0,-1.0,0.0,0.0,0.0
71,71,20170428,GS글로벌,1250,3200,3320,3200,3270,1368271,50.0,0.015527950310559006,3151.0,0.019411193788417987,0.0,-0.0015503875968992248,0.0,0.0,0.0,0.0,1.0
72,72,20170502,GS글로벌,1250,3270,3290,3220,3220,608301,-50.0,-0.01529051987767584,3208.0,0.01808949539828626,0.0,0.018633540372670808,0.0,0.0,0.0,0.0,0.0
73,73,20170504,GS글로벌,1250,3200,3310,3190,3280,738190,60.0,0.018633540372670808,3243.0,0.010910224438902744,0.0,-0.006116207951070336,0.0,0.0,0.0,0.0,1.0
74,74,20170508,GS글로벌,1250,3280,3300,3225,3250,490300,-30.0,-0.009146341463414634,3248.0,0.0015417823003391919,0.0,0.009316770186335404,0.0,0.0,0.0,0.0,0.0
75,75,20170510,GS글로벌,1250,3255,3305,3230,3250,744589,0.0,0.0,3254.0,0.0018472906403940886,0.0,-0.013719512195121951,0.0,0.0,0.0,0.0,0.0
76,76,20170511,GS글로벌,1250,3240,3295,3235,3235,523188,-15.0,-0.004615384615384616,3247.0,-0.0021511985248924407,0.0,0.009230769230769232,0.0,0.0,0.0,0.0,0.0
77,77,20170512,GS글로벌,1250,3240,3285,3220,3280,432906,45.0,0.013910355486862442,3259.0,0.0036957191253464733,0.0,0.026153846153846156,0.0,0.0,0.0,0.0,1.0
78,78,20170515,GS글로벌,1250,3305,3395,3270,3335,1063936,55.0,0.01676829268292683,3270.0,0.0033752684872660325,0.0,0.023183925811437404,0.0,1.0,0.0,0.0,0.0
79,79,20170516,GS글로벌,1250,3355,3375,3285,3310,490265,-25.0,-0.0074962518740629685,3282.0,0.0036697247706422025,0.0,-0.01524390243902439,0.0,-1.0,0.0,0.0,0.0
80,80,20170517,GS글로벌,1250,3280,3325,3215,3230,643663,-80.0,-0.024169184290030208,3278.0,-0.0012187690432663009,0.0,-0.019490254872563718,0.0,0.0,-1.0,0.0,0.0
81,81,20170518,GS글로벌,1250,3180,3270,3175,3270,329876,40.0,0.01238390092879257,3285.0,0.0021354484441732766,0.0,-0.012084592145015106,0.0,0.0,0.0,1.0,0.0
82,82,20170519,GS글로벌,1250,3265,3295,3245,3270,303245,0.0,0.0,3283.0,-0.0006088280060882801,0.0,0.03869969040247678,0.0,0.0,0.0,0.0,-1.0
83,83,20170522,GS글로벌,1250,3285,3365,3275,3355,753958,85.0,0.025993883792048932,3287.0,0.0012183978068839474,0.0,0.027522935779816515,0.0,1.0,0.0,0.0,1.0
84,84,20170523,GS글로벌,1250,3385,3385,3330,3360,524801,5.0,0.0014903129657228018,3297.0,0.0030422878004259203,1.0,0.019877675840978597,0.0,1.0,0.0,1.0,0.0
85,85,20170524,GS글로벌,1250,3385,3385,3330,3335,405093,-25.0,-0.007440476190476191,3318.0,0.006369426751592357,0.0,0.032786885245901634,0.0,0.0,0.0,0.0,0.0
86,86,20170525,GS글로벌,1250,3335,3495,3330,3465,1745473,130.0,0.038980509745127435,3357.0,0.01175406871609403,0.0,0.028273809523809524,0.0,0.0,1.0,0.0,0.0
87,87,20170526,GS글로벌,1250,3490,3545,3420,3455,1105267,-10.0,-0.002886002886002886,3394.0,0.011021745606196008,0.0,0.03298350824587706,0.0,0.0,0.0,0.0,0.0
88,88,20170529,GS글로벌,1250,3460,3510,3420,3445,583150,-10.0,-0.0028943560057887122,3412.0,0.005303476723629935,-1.0,-0.007215007215007216,0.0,0.0,0.0,0.0,0.0
89,89,20170530,GS글로벌,1250,3450,3480,3405,3440,448070,-5.0,-0.001451378809869376,3428.0,0.004689331770222743,-1.0,0.004341534008683068,0.0,0.0,0.0,0.0,0.0
90,90,20170531,GS글로벌,1250,3445,3515,3405,3470,774535,30.0,0.008720930232558141,3455.0,0.007876312718786464,0.0,-0.011611030478955007,0.0,0.0,0.0,0.0,1.0
91,91,20170601,GS글로벌,1250,3470,3490,3360,3405,710103,-65.0,-0.01873198847262248,3443.0,-0.0034732272069464545,0.0,-0.008720930232558141,0.0,0.0,0.0,-1.0,0.0
92,92,20170602,GS글로벌,1250,3405,3440,3380,3410,368310,5.0,0.0014684287812041115,3434.0,-0.0026139994191112397,0.0,-0.02881844380403458,0.0,0.0,0.0,-1.0,-1.0
93,93,20170605,GS글로벌,1250,3410,3425,3350,3370,453333,-40.0,-0.011730205278592377,3419.0,-0.004368083867210251,0.0,-0.023494860499265784,0.0,-1.0,0.0,0.0,-1.0
94,94,20170607,GS글로벌,1250,3355,3375,3305,3325,540890,-45.0,-0.013353115727002969,3396.0,-0.006727113190991518,0.0,-0.016129032258064516,0.0,0.0,-1.0,0.0,-1.0
95,95,20170608,GS글로벌,1250,3330,3360,3305,3355,323273,30.0,0.009022556390977444,3373.0,-0.006772673733804475,0.0,-0.014836795252225518,0.0,0.0,0.0,0.0,0.0
96,96,20170609,GS글로벌,1250,3365,3370,3320,3320,259856,-35.0,-0.010432190760059612,3356.0,-0.005040023717758672,0.0,-0.02706766917293233,0.0,-1.0,-1.0,0.0,0.0
97,97,20170612,GS글로벌,1250,3290,3315,3220,3235,501077,-85.0,-0.025602409638554216,3321.0,-0.010429082240762812,-1.0,-0.010432190760059612,0.0,0.0,0.0,0.0,0.0
98,98,20170613,GS글로벌,1250,3250,3330,3245,3320,266138,85.0,0.02627511591962906,3311.0,-0.0030111412225233363,0.0,-0.007530120481927711,0.0,1.0,0.0,0.0,0.0
99,99,20170614,GS글로벌,1250,3335,3355,3280,3295,364619,-25.0,-0.007530120481927711,3305.0,-0.001812141347025068,0.0,0.018547140649149918,0.0,0.0,0.0,0.0,0.0
100,100,20170615,GS글로벌,1250,3310,3340,3250,3295,209742,0.0,0.0,3293.0,-0.003630862329803328,0.0,0.0030120481927710845,0.0,0.0,-1.0,0.0,0.0
101,101,20170616,GS글로벌,1250,3295,3335,3255,3330,372292,35.0,0.010622154779969651,3295.0,0.0006073489219556637,0.0,0.03186646433990895,0.0,1.0,0.0,0.0,1.0
102,102,20170619,GS글로벌,1250,3375,3445,3335,3400,509065,70.0,0.021021021021021026,3328.0,0.010015174506828529,1.0,0.02731411229135053,0.0,0.0,0.0,0.0,1.0
103,103,20170620,GS글로벌,1250,3410,3455,3340,3385,538338,-15.0,-0.004411764705882353,3341.0,0.00390625,0.0,-0.010510510510510513,0.0,0.0,0.0,-1.0,0.0
104,104,20170621,GS글로벌,1250,3385,3385,3280,3295,385551,-90.0,-0.026587887740029542,3341.0,0.0,-1.0,-0.047058823529411764,0.0,-1.0,-1.0,-1.0,-1.0
105,105,20170622,GS글로벌,1250,3295,3315,3220,3240,482130,-55.0,-0.016691957511380882,3330.0,-0.003292427416941036,-1.0,-0.04431314623338257,0.0,-1.0,-1.0,-1.0,-1.0
106,106,20170623,GS글로벌,1250,3245,3275,3225,3235,188612,-5.0,-0.0015432098765432098,3311.0,-0.005705705705705706,-1.0,-0.05614567526555387,0.0,-1.0,0.0,0.0,0.0
107,107,20170626,GS글로벌,1250,3245,3265,3095,3110,886444,-125.0,-0.03863987635239567,3253.0,-0.017517366354575657,-1.0,-0.032407407407407406,0.0,0.0,0.0,-1.0,-1.0
108,108,20170627,GS글로벌,1250,3130,3175,3125,3135,342227,25.0,0.008038585209003215,3203.0,-0.015370427297878882,0.0,-0.029366306027820713,0.0,0.0,0.0,0.0,-1.0
109,109,20170628,GS글로벌,1250,3140,3165,3120,3140,190928,5.0,0.001594896331738437,3172.0,-0.009678426475179521,1.0,0.022508038585209004,0.0,1.0,1.0,0.0,0.0
110,110,20170629,GS글로벌,1250,3180,3185,3140,3180,230968,40.0,0.012738853503184714,3160.0,-0.0037831021437578815,1.0,0.003189792663476874,0.0,0.0,0.0,0.0,0.0
111,111,20170630,GS글로벌,1250,3170,3175,3135,3145,263703,-35.0,-0.0110062893081761,3142.0,-0.0056962025316455705,0.0,0.011146496815286623,0.0,0.0,0.0,0.0,0.0
112,112,20170703,GS글로벌,1250,3145,3175,3135,3175,241596,30.0,0.009538950715421305,3155.0,0.004137492043284532,0.0,-0.007861635220125786,0.0,0.0,0.0,0.0,0.0
113,113,20170704,GS글로벌,1250,3175,3200,3145,3155,227553,-20.0,-0.006299212598425197,3159.0,0.0012678288431061807,0.0,-0.004769475357710652,0.0,-1.0,0.0,0.0,-1.0
114,114,20170705,GS글로벌,1250,3155,3160,3125,3130,225052,-25.0,-0.00792393026941363,3157.0,-0.0006331117442228552,-1.0,-0.012598425196850394,0.0,0.0,0.0,0.0,0.0
115,115,20170706,GS글로벌,1250,3130,3150,3100,3135,164503,5.0,0.001597444089456869,3148.0,-0.002850807728856509,0.0,-0.006339144215530904,0.0,0.0,0.0,-1.0,0.0
116,116,20170707,GS글로벌,1250,3140,3155,3115,3135,133167,0.0,0.0,3146.0,-0.0006353240152477764,0.0,-0.009584664536741214,0.0,0.0,0.0,0.0,0.0
117,117,20170710,GS글로벌,1250,3140,3140,3080,3100,343492,-35.0,-0.011164274322169059,3131.0,-0.0047679593134138595,0.0,-0.011164274322169059,0.0,-1.0,-1.0,-1.0,0.0
118,118,20170711,GS글로벌,1250,3065,3135,3065,3100,171540,0.0,0.0,3120.0,-0.003513254551261577,0.0,-0.001594896331738437,0.0,-1.0,0.0,0.0,0.0
119,119,20170712,GS글로벌,1250,3095,3140,3095,3130,162159,30.0,0.00967741935483871,3120.0,0.0,0.0,0.022580645161290318,0.0,1.0,1.0,0.0,1.0
120,120,20170713,GS글로벌,1250,3125,3215,3110,3170,276731,40.0,0.012779552715654952,3127.0,0.0022435897435897434,1.0,0.012903225806451613,0.0,0.0,0.0,0.0,0.0
121,121,20170714,GS글로벌,1250,3200,3205,3135,3140,134529,-30.0,-0.00946372239747634,3128.0,0.00031979533098816764,0.0,0.003194888178913738,0.0,0.0,0.0,0.0,0.0
122,122,20170717,GS글로벌,1250,3145,3160,3115,3140,117132,0.0,0.0,3136.0,0.0025575447570332483,0.0,0.011041009463722398,0.0,0.0,0.0,0.0,0.0
123,123,20170718,GS글로벌,1250,3135,3230,3135,3205,364502,65.0,0.020700636942675158,3157.0,0.006696428571428571,0.0,0.025477707006369428,0.0,1.0,0.0,0.0,0.0
124,124,20170719,GS글로벌,1250,3205,3250,3205,3220,209278,15.0,0.0046801872074883,3175.0,0.005701615457713019,1.0,0.03343949044585987,0.0,0.0,0.0,1.0,0.0
125,125,20170720,GS글로벌,1250,3245,3260,3210,3245,155163,25.0,0.007763975155279503,3190.0,0.004724409448818898,1.0,0.0046801872074883,0.0,0.0,0.0,1.0,1.0
126,126,20170721,GS글로벌,1250,3250,3260,3200,3220,189415,-25.0,-0.007704160246533128,3206.0,0.005015673981191223,0.0,-0.003105590062111801,0.0,-1.0,0.0,0.0,0.0
127,127,20170724,GS글로벌,1250,3200,3235,3180,3210,195318,-10.0,-0.003105590062111801,3220.0,0.004366812227074236,-1.0,-0.03389830508474576,0.0,-1.0,0.0,0.0,0.0
128,128,20170725,GS글로벌,1250,3200,3220,3120,3135,262772,-75.0,-0.02336448598130841,3206.0,-0.004347826086956522,-1.0,-0.031055900621118005,0.0,0.0,-1.0,-1.0,-1.0
129,129,20170726,GS글로벌,1250,3140,3165,3095,3120,196012,-15.0,-0.004784688995215311,3186.0,-0.006238303181534623,-1.0,-0.018691588785046728,0.0,-1.0,-1.0,0.0,0.0
130,130,20170727,GS글로벌,1250,3120,3170,3110,3150,162507,30.0,0.009615384615384616,3167.0,-0.005963590709353421,0.0,-0.006379585326953748,0.0,0.0,0.0,1.0,0.0
131,131,20170728,GS글로벌,1250,3155,3170,3100,3115,229559,-35.0,-0.011111111111111113,3146.0,-0.006630880959898958,0.0,-0.00641025641025641,0.0,0.0,-1.0,-1.0,0.0
132,132,20170731,GS글로벌,1250,3105,3125,3050,3100,262768,-15.0,-0.004815409309791332,3124.0,-0.006993006993006993,0.0,0.0031746031746031746,0.0,0.0,-1.0,0.0,0.0
133,133,20170801,GS글로벌,1250,3070,3175,3070,3160,185243,60.0,0.01935483870967742,3129.0,0.0016005121638924455,0.0,0.011235955056179777,0.0,0.0,1.0,0.0,0.0
134,134,20170802,GS글로벌,1250,3185,3185,3135,3150,125923,-10.0,-0.0031645569620253164,3135.0,0.0019175455417066156,0.0,-0.008064516129032258,0.0,-1.0,0.0,0.0,0.0
135,135,20170803,GS글로벌,1250,3160,3165,3045,3075,270000,-75.0,-0.023809523809523808,3120.0,-0.004784688995215311,-1.0,-0.039556962025316465,0.0,-1.0,-1.0,-1.0,-1.0
136,136,20170804,GS글로벌,1250,3080,3085,3025,3035,221320,-40.0,-0.013008130081300813,3104.0,-0.005128205128205128,-1.0,-0.03492063492063492,0.0,-1.0,-1.0,0.0,0.0
137,137,20170807,GS글로벌,1250,3040,3075,3015,3040,135259,5.0,0.0016474464579901151,3092.0,-0.003865979381443299,0.0,-0.011382113821138212,0.0,0.0,0.0,0.0,0.0
138,138,20170808,GS글로벌,1250,3045,3075,3000,3040,242692,0.0,0.0,3068.0,-0.0077619663648124185,0.0,-0.0065897858319604605,0.0,0.0,-1.0,0.0,0.0
139,139,20170809,GS글로벌,1250,3025,3035,3005,3015,151271,-25.0,-0.008223684210526315,3041.0,-0.008800521512385919,0.0,-0.018092105263157892,0.0,-1.0,-1.0,-1.0,-1.0
140,140,20170810,GS글로벌,1250,3005,3020,2955,2985,303330,-30.0,-0.009950248756218905,3023.0,-0.00591910555738244,-1.0,-0.009868421052631578,0.0,0.0,-1.0,0.0,0.0
141,141,20170811,GS글로벌,1250,2910,3090,2910,3010,710581,25.0,0.008375209380234505,3018.0,-0.0016539861065167053,0.0,0.04311774461028192,0.0,0.0,1.0,-1.0,1.0
142,142,20170814,GS글로벌,1250,3025,3165,3025,3145,594289,135.0,0.044850498338870434,3039.0,0.006958250497017893,1.0,0.08207705192629816,0.0,0.0,1.0,0.0,0.0
143,143,20170816,GS글로벌,1250,3145,3255,3145,3230,769187,85.0,0.027027027027027032,3077.0,0.012504113195129977,1.0,0.09634551495016612,0.0,1.0,0.0,1.0,0.0
144,144,20170817,GS글로벌,1250,3230,3325,3210,3300,915820,70.0,0.021671826625387,3134.0,0.01852453688657784,1.0,0.04769475357710652,0.0,0.0,1.0,0.0,0.0
145,145,20170818,GS글로벌,1250,3270,3305,3240,3295,510519,-5.0,-0.0015151515151515152,3196.0,0.019783024888321638,0.0,0.04643962848297214,0.0,-1.0,0.0,0.0,0.0
146,146,20170821,GS글로벌,1250,3335,3405,3290,3380,1086597,85.0,0.025796661608497726,3270.0,0.023153942428035045,0.0,0.04696969696969697,0.0,1.0,1.0,0.0,0.0
147,147,20170822,GS글로벌,1250,3415,3480,3360,3455,1482792,75.0,0.022189349112426038,3332.0,0.018960244648318043,0.0,0.033383915022761765,0.0,0.0,1.0,0.0,0.0
148,148,20170823,GS글로벌,1250,3470,3485,3380,3405,1085054,-50.0,-0.01447178002894356,3367.0,0.01050420168067227,0.0,0.010355029585798816,0.0,0.0,0.0,0.0,0.0
149,149,20170824,GS글로벌,1250,3410,3480,3400,3415,829308,10.0,0.002936857562408223,3390.0,0.006831006831006832,0.0,0.015918958031837915,0.0,0.0,0.0,0.0,1.0
150,150,20170825,GS글로벌,1250,3420,3540,3415,3510,1339227,95.0,0.027818448023426062,3433.0,0.012684365781710914,1.0,0.03671071953010279,0.0,1.0,0.0,0.0,1.0
151,151,20170828,GS글로벌,1250,3555,3565,3485,3530,714576,20.0,0.005698005698005697,3463.0,0.00873871249635887,1.0,0.060029282576866766,0.0,0.0,0.0,0.0,0.0
152,152,20170829,GS글로벌,1250,3530,3625,3475,3620,938623,90.0,0.025495750708215296,3496.0,0.009529309846953507,1.0,-0.0071225071225071235,0.0,0.0,0.0,0.0,0.0
153,153,20170830,GS글로벌,1250,3615,3635,3455,3485,1426310,-135.0,-0.03729281767955801,3512.0,0.004576659038901603,0.0,-0.0084985835694051,0.0,0.0,0.0,0.0,0.0
154,154,20170831,GS글로벌,1250,3515,3565,3465,3500,886909,15.0,0.00430416068866571,3529.0,0.004840546697038725,0.0,-0.04005524861878453,0.0,0.0,0.0,0.0,-1.0
155,155,20170901,GS글로벌,1250,3535,3535,3415,3475,686048,-25.0,-0.0071428571428571435,3522.0,-0.0019835647492207425,0.0,-0.02869440459110473,0.0,0.0,0.0,-1.0,0.0
156,156,20170904,GS글로벌,1250,3370,3445,3370,3385,691052,-90.0,-0.025899280575539568,3493.0,-0.008233957978421351,-1.0,-0.03428571428571429,0.0,0.0,-1.0,-1.0,-1.0
157,157,20170905,GS글로벌,1250,3400,3435,3325,3380,533223,-5.0,-0.0014771048744460858,3445.0,-0.013741769252791296,-1.0,-0.040287769784172665,0.0,0.0,0.0,-1.0,0.0
158,158,20170906,GS글로벌,1250,3355,3410,3325,3335,451074,-45.0,-0.013313609467455622,3415.0,-0.008708272859216255,-1.0,-0.0103397341211226,0.0,0.0,0.0,0.0,-1.0
159,159,20170907,GS글로벌,1250,3350,3365,3320,3350,247480,15.0,0.004497751124437782,3385.0,-0.008784773060029283,0.0,-0.028106508875739646,0.0,0.0,0.0,0.0,-1.0
160,160,20170908,GS글로벌,1250,3375,3375,3250,3285,498986,-65.0,-0.01940298507462686,3347.0,-0.011225997045790252,0.0,-0.01649175412293853,0.0,0.0,0.0,0.0,-1.0
161,161,20170911,GS글로벌,1250,3285,3325,3265,3280,319947,-5.0,-0.0015220700152207,3326.0,-0.00627427547057066,0.0,-0.008955223880597015,0.0,0.0,0.0,0.0,0.0
162,162,20170912,GS글로벌,1250,3280,3320,3260,3320,386376,40.0,0.012195121951219513,3314.0,-0.0036079374624173187,0.0,0.0121765601217656,0.0,1.0,0.0,0.0,0.0
163,163,20170913,GS글로벌,1250,3320,3395,3300,3325,441523,5.0,0.0015060240963855422,3312.0,-0.0006035003017501509,0.0,-0.012195121951219513,0.0,0.0,0.0,0.0,0.0
164,164,20170914,GS글로벌,1250,3325,3340,3240,3240,466069,-85.0,-0.02556390977443609,3290.0,-0.006642512077294686,0.0,-0.03313253012048193,0.0,-1.0,-1.0,-1.0,0.0
165,165,20170915,GS글로벌,1250,3230,3265,3185,3210,454436,-30.0,-0.009259259259259259,3275.0,-0.004559270516717325,0.0,-0.022556390977443608,0.0,0.0,-1.0,0.0,-1.0
166,166,20170918,GS글로벌,1250,3220,3270,3210,3250,290884,40.0,0.012461059190031152,3269.0,-0.0018320610687022898,0.0,-0.00308641975308642,0.0,0.0,1.0,0.0,0.0
167,167,20170919,GS글로벌,1250,3280,3285,3210,3230,270255,-20.0,-0.006153846153846154,3251.0,-0.0055062710308962995,0.0,-0.02803738317757009,0.0,0.0,0.0,-1.0,-1.0
168,168,20170920,GS글로벌,1250,3220,3235,3120,3120,510643,-110.0,-0.034055727554179564,3210.0,-0.012611504152568441,-1.0,-0.04615384615384616,0.0,-1.0,-1.0,0.0,-1.0
169,169,20170921,GS글로벌,1250,3115,3145,3090,3100,290423,-20.0,-0.00641025641025641,3182.0,-0.008722741433021807,-1.0,-0.06811145510835913,0.0,-1.0,0.0,-1.0,0.0
170,170,20170922,GS글로벌,1250,3095,3120,3010,3010,500871,-90.0,-0.02903225806451613,3142.0,-0.01257071024512885,-1.0,-0.04807692307692308,0.0,-1.0,-1.0,-1.0,-1.0
171,171,20170925,GS글로벌,1250,3010,3055,2955,2970,414293,-40.0,-0.0132890365448505,3086.0,-0.01782304264799491,-1.0,-0.025806451612903226,0.0,-1.0,0.0,0.0,-1.0
172,172,20170926,GS글로벌,1250,2915,3045,2915,3020,179841,50.0,0.016835016835016838,3044.0,-0.013609850939727802,0.0,0.019933554817275743,0.0,1.0,0.0,0.0,0.0
173,173,20170927,GS글로벌,1250,3010,3085,3010,3070,215864,50.0,0.016556291390728478,3034.0,-0.00328515111695138,1.0,0.021885521885521887,0.0,0.0,0.0,0.0,0.0
174,174,20170928,GS글로벌,1250,3080,3085,2990,3035,297427,-35.0,-0.011400651465798044,3021.0,-0.0042847725774555045,0.0,0.004966887417218543,0.0,0.0,0.0,0.0,0.0
175,175,20170929,GS글로벌,1250,3015,3060,3015,3035,142560,0.0,0.0,3026.0,0.0016550810989738498,0.0,-0.01465798045602606,0.0,0.0,0.0,0.0,0.0
176,176,20171010,GS글로벌,1250,3045,3060,3010,3025,222649,-10.0,-0.0032948929159802307,3037.0,0.0036351619299405157,0.0,0.014827018121911038,0.0,0.0,0.0,0.0,0.0
177,177,20171011,GS글로벌,1250,3025,3090,3015,3080,191948,55.0,0.01818181818181818,3049.0,0.003951267698386565,0.0,0.009884678747940693,0.0,0.0,0.0,0.0,1.0
178,178,20171012,GS글로벌,1250,3080,3105,3055,3065,185652,-15.0,-0.00487012987012987,3048.0,-0.00032797638570022957,0.0,0.009917355371900829,0.0,0.0,0.0,0.0,0.0
179,179,20171013,GS글로벌,1250,3065,3075,3030,3055,231752,-10.0,-0.0032626427406199023,3052.0,0.0013123359580052493,-1.0,-0.022727272727272728,0.0,-1.0,-1.0,0.0,0.0
180,180,20171016,GS글로벌,1250,3065,3075,2995,3010,223090,-45.0,-0.014729950900163666,3047.0,-0.00163826998689384,-1.0,-0.01631321370309951,0.0,0.0,-1.0,0.0,0.0
181,181,20171017,GS글로벌,1250,3000,3050,2995,3015,267259,5.0,0.0016611295681063125,3045.0,-0.0006563833278634722,0.0,-0.032733224222585934,0.0,0.0,-1.0,0.0,0.0
182,182,20171018,GS글로벌,1250,3010,3015,2950,2955,430493,-60.0,-0.01990049751243781,3020.0,-0.008210180623973728,0.0,0.0016611295681063125,0.0,0.0,0.0,0.0,0.0
183,183,20171019,GS글로벌,1250,2955,3015,2955,3015,222579,60.0,0.02030456852791878,3010.0,-0.0033112582781456954,0.0,0.03150912106135987,0.0,0.0,1.0,0.0,0.0
184,184,20171020,GS글로벌,1250,3020,3110,3020,3110,326509,95.0,0.03150912106135987,3021.0,0.003654485049833887,1.0,0.04737732656514383,0.0,0.0,1.0,0.0,0.0
185,185,20171023,GS글로벌,1250,3125,3145,3070,3095,258069,-15.0,-0.00482315112540193,3038.0,0.005627275736511089,0.0,0.02819237147595357,0.0,0.0,0.0,0.0,1.0
186,186,20171024,GS글로벌,1250,3095,3135,3090,3100,143983,5.0,0.0016155088852988692,3055.0,0.005595786701777485,0.0,-0.014469453376205787,0.0,0.0,0.0,0.0,0.0
187,187,20171025,GS글로벌,1250,3105,3115,3060,3065,180368,-35.0,-0.011290322580645159,3077.0,0.0072013093289689046,0.0,-0.004846526655896607,0.0,0.0,-1.0,0.0,-1.0
188,188,20171026,GS글로벌,1250,3065,3115,3040,3080,264942,15.0,0.004893964110929853,3090.0,0.004224894377640559,0.0,0.0016129032258064516,0.0,1.0,0.0,0.0,0.0
189,189,20171027,GS글로벌,1250,3090,3120,3080,3105,181015,25.0,0.008116883116883116,3089.0,-0.00032362459546925567,0.0,0.009787928221859706,0.0,0.0,0.0,0.0,0.0
190,190,20171030,GS글로벌,1250,3125,3135,3085,3095,165885,-10.0,-0.0032206119162640897,3089.0,0.0,0.0,0.012987012987012988,0.0,0.0,0.0,0.0,0.0
191,191,20171031,GS글로벌,1250,3095,3130,3055,3120,240850,25.0,0.008077544426494346,3093.0,0.0012949174490126255,0.0,0.004830917874396135,0.0,1.0,0.0,0.0,1.0
192,192,20171101,GS글로벌,1250,3140,3165,3100,3120,236670,0.0,0.0,3104.0,0.003556417717426447,0.0,0.004846526655896607,0.0,-1.0,0.0,0.0,0.0
193,193,20171102,GS글로벌,1250,3145,3145,3090,3110,133642,-10.0,-0.003205128205128205,3110.0,0.0019329896907216496,0.0,0.011217948717948718,0.0,0.0,0.0,0.0,0.0
194,194,20171103,GS글로벌,1250,3120,3160,3110,3155,208658,45.0,0.014469453376205787,3120.0,0.003215434083601286,0.0,0.008012820512820512,0.0,0.0,0.0,0.0,1.0
195,195,20171106,GS글로벌,1250,3160,3180,3125,3145,211467,-10.0,-0.003169572107765452,3130.0,0.003205128205128205,0.0,0.03215434083601286,0.0,0.0,0.0,0.0,0.0
196,196,20171107,GS글로벌,1250,3145,3215,3125,3210,341869,65.0,0.02066772655007949,3148.0,0.005750798722044728,0.0,0.01584786053882726,0.0,0.0,0.0,0.0,0.0
197,197,20171108,GS글로벌,1250,3205,3240,3180,3205,283618,-5.0,-0.001557632398753894,3165.0,0.0054002541296061,0.0,0.04451510333863275,0.0,0.0,0.0,0.0,0.0
198,198,20171109,GS글로벌,1250,3235,3325,3220,3285,796136,80.0,0.0249609984399376,3200.0,0.011058451816745656,0.0,-0.006230529595015576,0.0,1.0,0.0,0.0,0.0
199,199,20171110,GS글로벌,1250,3295,3295,3175,3190,646817,-95.0,-0.0289193302891933,3207.0,0.0021875,0.0,-0.015600624024961,0.0,0.0,0.0,-1.0,0.0
200,200,20171113,GS글로벌,1250,3205,3230,3115,3155,618437,-35.0,-0.0109717868338558,3209.0,0.0006236357966947302,-1.0,-0.0502283105022831,0.0,0.0,-1.0,-1.0,-1.0
201,201,20171114,GS글로벌,1250,3155,3170,3090,3120,590683,-35.0,-0.01109350237717908,3191.0,-0.005609224057338735,-1.0,-0.03448275862068965,0.0,-1.0,0.0,0.0,0.0
202,202,20171115,GS글로벌,1250,3135,3140,3055,3080,584702,-40.0,-0.01282051282051282,3166.0,-0.007834534628643058,-1.0,-0.02535657686212361,0.0,-1.0,0.0,0.0,-1.0
203,203,20171116,GS글로벌,1250,3090,3105,3050,3075,241273,-5.0,-0.0016233766233766235,3124.0,-0.013265950726468731,-1.0,0.0,0.0,0.0,0.0,0.0,0.0
204,204,20171117,GS글로벌,1250,3080,3120,3080,3120,301772,45.0,0.014634146341463415,3110.0,-0.004481434058898848,0.0,0.00974025974025974,0.0,0.0,1.0,0.0,0.0
205,205,20171120,GS글로벌,1250,3120,3130,3090,3110,200977,-10.0,-0.003205128205128205,3101.0,-0.002893890675241157,0.0,-0.0032520325203252032,0.0,0.0,0.0,-1.0,-1.0
206,206,20171121,GS글로벌,1250,3125,3125,3060,3065,405711,-45.0,-0.014469453376205787,3090.0,-0.0035472428248951955,0.0,-0.02403846153846154,0.0,-1.0,0.0,0.0,0.0
207,207,20171122,GS글로벌,1250,3060,3085,3030,3045,270873,-20.0,-0.0065252854812398045,3083.0,-0.0022653721682847896,-1.0,-0.01607717041800643,0.0,0.0,-1.0,0.0,0.0
208,208,20171123,GS글로벌,1250,3045,3070,3030,3060,115883,15.0,0.0049261083743842365,3080.0,-0.0009730781706130393,0.0,-0.011419249592169658,0.0,0.0,0.0,0.0,0.0
209,209,20171124,GS글로벌,1250,3055,3055,3015,3030,248651,-30.0,-0.00980392156862745,3062.0,-0.0058441558441558435,0.0,0.011494252873563218,0.0,0.0,0.0,0.0,0.0
210,210,20171127,GS글로벌,1250,3020,3090,3020,3080,261472,50.0,0.0165016501650165,3056.0,-0.0019595035924232533,0.0,0.0016339869281045752,0.0,0.0,0.0,0.0,1.0
211,211,20171128,GS글로벌,1250,3075,3095,3050,3065,152933,-15.0,-0.00487012987012987,3056.0,0.0,0.0,-0.0016501650165016502,0.0,0.0,0.0,0.0,-1.0
212,212,20171129,GS글로벌,1250,3065,3065,3025,3025,265868,-40.0,-0.013050570962479607,3052.0,-0.0013089005235602095,0.0,-0.021103896103896104,0.0,-1.0,0.0,-1.0,0.0
213,213,20171130,GS글로벌,1250,3035,3040,3015,3015,257796,-10.0,-0.003305785123966942,3043.0,-0.002948885976408912,-1.0,-0.02283849918433932,0.0,-1.0,-1.0,0.0,0.0
214,214,20171201,GS글로벌,1250,3020,3030,2995,2995,266128,-20.0,-0.006633499170812604,3036.0,-0.002300361485376273,-1.0,-0.004958677685950414,0.0,0.0,-1.0,0.0,-1.0
215,215,20171204,GS글로벌,1250,2995,3020,2990,3010,188169,15.0,0.005008347245409015,3022.0,-0.00461133069828722,0.0,0.01492537313432836,0.0,0.0,0.0,0.0,1.0
216,216,20171205,GS글로벌,1250,3015,3065,3005,3060,215537,50.0,0.016611295681063124,3021.0,-0.0003309066843150232,1.0,0.008347245409015025,0.0,0.0,0.0,0.0,0.0
217,217,20171206,GS글로벌,1250,3060,3065,3005,3020,264723,-40.0,-0.013071895424836602,3020.0,-0.00033101621979476995,0.0,-0.014950166112956813,0.0,0.0,0.0,0.0,0.0
218,218,20171207,GS글로벌,1250,3025,3025,2955,2965,486656,-55.0,-0.018211920529801324,3010.0,-0.0033112582781456954,-1.0,-0.04738562091503268,0.0,-1.0,-1.0,-1.0,0.0
219,219,20171208,GS글로벌,1250,2955,2975,2900,2915,440650,-50.0,-0.016863406408094434,2994.0,-0.0053156146179402,-1.0,-0.03642384105960265,0.0,-1.0,0.0,-1.0,-1.0
220,220,20171211,GS글로벌,1250,2915,2935,2900,2910,320170,-5.0,-0.0017152658662092624,2974.0,-0.006680026720106882,-1.0,-0.03541315345699832,0.0,-1.0,0.0,0.0,0.0
221,221,20171212,GS글로벌,1250,2910,2910,2855,2860,347706,-50.0,-0.01718213058419244,2934.0,-0.013449899125756556,-1.0,-0.0051457975986277885,0.0,0.0,0.0,0.0,0.0
222,222,20171213,GS글로벌,1250,2860,2910,2855,2900,208632,40.0,0.013986013986013986,2910.0,-0.0081799591002045,0.0,-0.001718213058419244,0.0,0.0,0.0,1.0,0.0
223,223,20171214,GS글로벌,1250,2885,2925,2885,2905,129954,5.0,0.0017241379310344827,2898.0,-0.004123711340206186,1.0,0.024475524475524483,0.0,0.0,1.0,0.0,0.0
224,224,20171215,GS글로벌,1250,2890,2945,2890,2930,155325,25.0,0.008605851979345954,2901.0,0.0010351966873706005,1.0,-0.0017241379310344827,0.0,0.0,0.0,0.0,0.0
225,225,20171218,GS글로벌,1250,2910,2925,2885,2895,251048,-35.0,-0.011945392491467578,2898.0,-0.001034126163391934,0.0,-0.03270223752151463,0.0,-1.0,-1.0,0.0,-1.0
226,226,20171219,GS글로벌,1250,2900,2905,2800,2810,429134,-85.0,-0.02936096718480138,2888.0,-0.003450655624568668,-1.0,-0.05802047781569966,0.0,-1.0,-1.0,0.0,-1.0
227,227,20171220,GS글로벌,1250,2815,2820,2725,2760,322814,-50.0,-0.017793594306049824,2860.0,-0.00969529085872576,-1.0,-0.07081174438687393,0.0,-1.0,-1.0,-1.0,-1.0
228,228,20171221,GS글로벌,1250,2770,2785,2690,2690,461741,-70.0,-0.025362318840579712,2817.0,-0.015034965034965037,-1.0,-0.023131672597864767,0.0,0.0,0.0,-1.0,0.0
229,229,20171222,GS글로벌,1250,2700,2760,2680,2745,199593,55.0,0.02044609665427509,2780.0,-0.013134540291089812,0.0,,0.0,0.0,0.0,-1.0,1.0
